branch,R,run_id,step,seed,beta,r2,positive_bins,final_gap,identifiable,source
bigram,1,s1v5_128_tbl_bi1_R1,1000,42,0.5457594655457292,0.9687259361333165,4,0.01598215103149414,False,data/runs_scaling/s1v5_128_tbl_bi1_R1_fixed/exact_freq_loss.jsonl
bigram,2,s1v5_128_tbl_bi1_R2,1000,42,0.3950563755571327,0.866620429305647,4,-0.004271507263183594,False,data/runs_scaling/s1v5_128_tbl_bi1_R2_fixed/exact_freq_loss.jsonl
bigram,5,s1v5_128_tbl_bi1_R5,1000,42,0.593602466153248,0.9046543905305557,4,0.021609187126159668,False,data/runs_scaling/s1v5_128_tbl_bi1_R5_fixed/exact_freq_loss.jsonl
bigram,10,s1v5_128_tbl_bi1_R10,1000,42,0.9744346244788931,0.8423848324351697,4,0.031043171882629395,False,data/runs_scaling/s1v5_128_tbl_bi1_R10_fixed/exact_freq_loss.jsonl
bigram,22,s1v5_128_tbl_bi1_R22,1000,42,0.5993370453312108,0.9079331156377836,4,0.045944809913635254,False,data/runs_scaling/s1v5_128_tbl_bi1_R22_fixed/exact_freq_loss.jsonl
bigram,46,s1v5_128_tbl_bi1_R46,1000,42,0.32815857534603665,0.41732355194032744,5,-0.006175518035888672,False,data/runs_scaling/s1v5_128_tbl_bi1_R46_fixed/exact_freq_loss.jsonl
bigram,100,s1v5_128_tbl_bi1_R100,1000,42,0.20133281650966536,0.3816214592517957,5,0.03310549259185791,False,data/runs_scaling/s1v5_128_tbl_bi1_R100_fixed/exact_freq_loss.jsonl
bigram,215,s1v5_128_tbl_bi1_R215,1000,42,0.36815709601632546,0.8273448676324767,5,0.061052799224853516,False,data/runs_scaling/s1v5_128_tbl_bi1_R215_fixed/exact_freq_loss.jsonl
bigram,464,s1v5_128_tbl_bi1_R464,1000,42,0.20213843353614158,0.18106282864414136,5,0.06396806240081787,False,data/runs_scaling/s1v5_128_tbl_bi1_R464_fixed/exact_freq_loss.jsonl
bigram,1000,s1v5_128_tbl_bi1_R1000,1000,42,0.20150266571743158,0.3270667442052392,5,0.07600414752960205,False,data/runs_scaling/s1v5_128_tbl_bi1_R1000_fixed/exact_freq_loss.jsonl
bigram,2154,s1v5_128_tbl_bi1_R2154,1000,42,0.38596965651620113,0.4522723316141991,6,0.06107449531555176,False,data/runs_scaling/s1v5_128_tbl_bi1_R2154_fixed/exact_freq_loss.jsonl
bigram,4642,s1v5_128_tbl_bi1_R4642,1000,42,0.32893157519575905,0.5729776539654938,7,0.08185064792633057,False,data/runs_scaling/s1v5_128_tbl_bi1_R4642_fixed/exact_freq_loss.jsonl
bigram,10000,s1v5_128_tbl_bi1_R10000,1000,42,0.3579798769078362,0.5679976735506613,7,0.11939311027526855,False,data/runs_scaling/s1v5_128_tbl_bi1_R10000_fixed/exact_freq_loss.jsonl
bigram,16000,s1v5_128_tbl_bi1_R16000,1000,42,0.2606259592384985,0.562623254246341,7,0.14333128929138184,False,data/runs_scaling/s1v5_128_tbl_bi1_R16000_fixed/exact_freq_loss.jsonl
bigram,22000,s1v5_128_tbl_bi1_R22000,1000,42,0.22501692389624323,0.7696392548496839,7,0.1742309331893921,False,data/runs_scaling/s1v5_128_tbl_bi1_R22000_fixed/exact_freq_loss.jsonl
bigram,30000,s1v5_128_tbl_bi1_R30000,1000,42,0.314723320721817,0.94517651447169,7,0.21181464195251465,False,data/runs_scaling/s1v5_128_tbl_bi1_R30000_fixed/exact_freq_loss.jsonl
bigram,41000,s1v5_128_tbl_bi1_R41000,1000,42,0.31443977838174286,0.9278796167426319,7,0.22450900077819824,False,data/runs_scaling/s1v5_128_tbl_bi1_R41000_fixed/exact_freq_loss.jsonl
bigram,56000,s1v5_128_tbl_bi1_R56000,1000,42,0.23508277162498906,0.8831375203301258,7,0.31169867515563965,False,data/runs_scaling/s1v5_128_tbl_bi1_R56000_fixed/exact_freq_loss.jsonl
bigram,76000,s1v5_128_tbl_bi1_R76000,1000,42,0.2596470388167775,0.9103717364774572,7,0.32710742950439453,True,data/runs_scaling/s1v5_128_tbl_bi1_R76000_fixed/exact_freq_loss.jsonl
bigram,104000,s1v5_128_tbl_bi1_R104000,1000,42,0.2825517364532658,0.9678260366187558,7,0.4058583974838257,True,data/runs_scaling/s1v5_128_tbl_bi1_R104000_fixed/exact_freq_loss.jsonl
bigram,142000,s1v5_128_tbl_bi1_R142000,1000,42,0.29485713141851055,0.9619015488524466,7,0.461300253868103,True,data/runs_scaling/s1v5_128_tbl_bi1_R142000_fixed/exact_freq_loss.jsonl
bigram,194000,s1v5_128_tbl_bi1_R194000,1000,42,0.31588744911104594,0.9640905565550825,7,0.5589419603347778,True,data/runs_scaling/s1v5_128_tbl_bi1_R194000_fixed/exact_freq_loss.jsonl
bigram,265000,s1v5_128_tbl_bi1_R265000,1000,42,0.32248072646470394,0.9289181755635153,7,0.6187242269515991,True,data/runs_scaling/s1v5_128_tbl_bi1_R265000_fixed/exact_freq_loss.jsonl
bigram,362000,s1v5_128_tbl_bi1_R362000,1000,42,0.3717485332647813,0.9737593911367725,7,0.7264736890792847,True,data/runs_scaling/s1v5_128_tbl_bi1_R362000_fixed/exact_freq_loss.jsonl
bigram,494000,s1v5_128_tbl_bi1_R494000,1000,42,0.39629200692416366,0.9886276329061565,7,0.8131966590881348,True,data/runs_scaling/s1v5_128_tbl_bi1_R494000_fixed/exact_freq_loss.jsonl
bigram,675000,s1v5_128_tbl_bi1_R675000,1000,42,0.420477222604741,0.9930084451000987,7,0.8938077688217163,True,data/runs_scaling/s1v5_128_tbl_bi1_R675000_fixed/exact_freq_loss.jsonl
bigram,922000,s1v5_128_tbl_bi1_R922000,1000,42,0.4220387952060142,0.9833751153478443,7,1.0239181518554688,True,data/runs_scaling/s1v5_128_tbl_bi1_R922000_fixed/exact_freq_loss.jsonl
bigram,1259000,s1v5_128_tbl_bi1_R1259000,1000,42,0.4639463255584867,0.9983068777194157,7,1.03825843334198,True,data/runs_scaling/s1v5_128_tbl_bi1_R1259000_fixed/exact_freq_loss.jsonl
bigram,1719000,s1v5_128_tbl_bi1_R1719000,1000,42,0.4519619450657542,0.9978493989434476,7,1.1387736797332764,True,data/runs_scaling/s1v5_128_tbl_bi1_R1719000_fixed/exact_freq_loss.jsonl
bigram,2000000,s1v5_128_tbl_bi1_R2000000,1000,42,0.44145191165471703,0.9954364304492725,7,1.1914823055267334,True,data/runs_scaling/s1v5_128_tbl_bi1_R2000000_fixed/exact_freq_loss.jsonl
bigram,2347000,s1v5_128_tbl_bi1_R2347000,1000,42,0.45587540944520627,0.9936423292555421,7,1.1521536111831665,True,data/runs_scaling/s1v5_128_tbl_bi1_R2347000_fixed/exact_freq_loss.jsonl
trigram,1,s1v5_128_tbl_tri1_R1,1000,42,0.5348790726365772,0.9499345847295504,4,0.018199801445007324,False,data/runs_scaling/s1v5_128_tbl_tri1_R1_fixed/exact_freq_loss.jsonl
trigram,2,s1v5_128_tbl_tri1_R2,1000,42,0.5249587252935826,0.9296268877794414,4,0.005631566047668457,False,data/runs_scaling/s1v5_128_tbl_tri1_R2_fixed/exact_freq_loss.jsonl
trigram,5,s1v5_128_tbl_tri1_R5,1000,42,0.5179548192325745,0.9073704830335977,4,0.022824645042419434,False,data/runs_scaling/s1v5_128_tbl_tri1_R5_fixed/exact_freq_loss.jsonl
trigram,10,s1v5_128_tbl_tri1_R10,1000,42,0.5663353993496739,0.9682145644189473,4,0.013138175010681152,False,data/runs_scaling/s1v5_128_tbl_tri1_R10_fixed/exact_freq_loss.jsonl
trigram,22,s1v5_128_tbl_tri1_R22,1000,42,0.4543597957363926,0.8876102742735449,4,0.06188845634460449,False,data/runs_scaling/s1v5_128_tbl_tri1_R22_fixed/exact_freq_loss.jsonl
trigram,46,s1v5_128_tbl_tri1_R46,1000,42,0.17076976500316587,0.10388043433642813,5,0.033734679222106934,False,data/runs_scaling/s1v5_128_tbl_tri1_R46_fixed/exact_freq_loss.jsonl
trigram,100,s1v5_128_tbl_tri1_R100,1000,42,0.3972065263734837,0.4921808457905391,5,-0.031664371490478516,False,data/runs_scaling/s1v5_128_tbl_tri1_R100_fixed/exact_freq_loss.jsonl
trigram,215,s1v5_128_tbl_tri1_R215,1000,42,0.032202439889677484,0.02895241495081713,5,0.02301025390625,False,data/runs_scaling/s1v5_128_tbl_tri1_R215_fixed/exact_freq_loss.jsonl
trigram,464,s1v5_128_tbl_tri1_R464,1000,42,0.27296464235716117,0.4156984204684886,5,0.027050375938415527,False,data/runs_scaling/s1v5_128_tbl_tri1_R464_fixed/exact_freq_loss.jsonl
trigram,1000,s1v5_128_tbl_tri1_R1000,1000,42,0.20306134145121127,0.14718320921229844,5,0.04471850395202637,False,data/runs_scaling/s1v5_128_tbl_tri1_R1000_fixed/exact_freq_loss.jsonl
trigram,2154,s1v5_128_tbl_tri1_R2154,1000,42,0.16771804313548277,0.14273059205803607,5,0.04844987392425537,False,data/runs_scaling/s1v5_128_tbl_tri1_R2154_fixed/exact_freq_loss.jsonl
trigram,4642,s1v5_128_tbl_tri1_R4642,1000,42,0.09520363056827005,0.032286436338959223,6,0.05146467685699463,False,data/runs_scaling/s1v5_128_tbl_tri1_R4642_fixed/exact_freq_loss.jsonl
trigram,10000,s1v5_128_tbl_tri1_R10000,1000,42,0.18121006111757373,0.178970364574922,7,0.09196639060974121,False,data/runs_scaling/s1v5_128_tbl_tri1_R10000_fixed/exact_freq_loss.jsonl
trigram,16000,s1v5_128_tbl_tri1_R16000,1000,42,0.13225669649302152,0.3215796901879282,7,0.13813114166259766,False,data/runs_scaling/s1v5_128_tbl_tri1_R16000_fixed/exact_freq_loss.jsonl
trigram,22000,s1v5_128_tbl_tri1_R22000,1000,42,0.13287396223810685,0.49083573767844046,7,0.17541158199310303,False,data/runs_scaling/s1v5_128_tbl_tri1_R22000_fixed/exact_freq_loss.jsonl
trigram,30000,s1v5_128_tbl_tri1_R30000,1000,42,0.1207228157156976,0.4993266366647221,7,0.22717750072479248,False,data/runs_scaling/s1v5_128_tbl_tri1_R30000_fixed/exact_freq_loss.jsonl
trigram,41000,s1v5_128_tbl_tri1_R41000,1000,42,0.11521286742027348,0.5001799893073484,7,0.28926801681518555,False,data/runs_scaling/s1v5_128_tbl_tri1_R41000_fixed/exact_freq_loss.jsonl
trigram,56000,s1v5_128_tbl_tri1_R56000,1000,42,0.11684800447567521,0.6647808020726844,7,0.36415040493011475,False,data/runs_scaling/s1v5_128_tbl_tri1_R56000_fixed/exact_freq_loss.jsonl
trigram,76000,s1v5_128_tbl_tri1_R76000,1000,42,0.11807104723384756,0.9176369683748296,7,0.4708675146102905,True,data/runs_scaling/s1v5_128_tbl_tri1_R76000_fixed/exact_freq_loss.jsonl
trigram,104000,s1v5_128_tbl_tri1_R104000,1000,42,0.14984406299540853,0.9474891752079501,7,0.5698717832565308,True,data/runs_scaling/s1v5_128_tbl_tri1_R104000_fixed/exact_freq_loss.jsonl
trigram,142000,s1v5_128_tbl_tri1_R142000,1000,42,0.15230989714238996,0.9923547131963063,7,0.6969436407089233,True,data/runs_scaling/s1v5_128_tbl_tri1_R142000_fixed/exact_freq_loss.jsonl
trigram,194000,s1v5_128_tbl_tri1_R194000,1000,42,0.175511198249715,0.9977125992096978,7,0.8603086471557617,True,data/runs_scaling/s1v5_128_tbl_tri1_R194000_fixed/exact_freq_loss.jsonl
trigram,265000,s1v5_128_tbl_tri1_R265000,1000,42,0.19438624491954912,0.9765080911787576,7,1.0487719774246216,True,data/runs_scaling/s1v5_128_tbl_tri1_R265000_fixed/exact_freq_loss.jsonl
trigram,362000,s1v5_128_tbl_tri1_R362000,1000,42,0.2242780267288333,0.9765966816595005,7,1.3022162914276123,True,data/runs_scaling/s1v5_128_tbl_tri1_R362000_fixed/exact_freq_loss.jsonl
trigram,494000,s1v5_128_tbl_tri1_R494000,1000,42,0.25414376609361666,0.9754689118655824,7,1.5993542671203613,True,data/runs_scaling/s1v5_128_tbl_tri1_R494000_fixed/exact_freq_loss.jsonl
trigram,675000,s1v5_128_tbl_tri1_R675000,1000,42,0.277439476148791,0.9738541204555705,7,1.9307557344436646,True,data/runs_scaling/s1v5_128_tbl_tri1_R675000_fixed/exact_freq_loss.jsonl
trigram,922000,s1v5_128_tbl_tri1_R922000,1000,42,0.3181125922716943,0.9763934683990941,7,2.349722981452942,True,data/runs_scaling/s1v5_128_tbl_tri1_R922000_fixed/exact_freq_loss.jsonl
trigram,1259000,s1v5_128_tbl_tri1_R1259000,1000,42,0.3474551056919875,0.976985221524801,7,2.7709975242614746,True,data/runs_scaling/s1v5_128_tbl_tri1_R1259000_fixed/exact_freq_loss.jsonl
trigram,1719000,s1v5_128_tbl_tri1_R1719000,1000,42,0.37210414908545336,0.9763149171774211,7,3.2236831188201904,True,data/runs_scaling/s1v5_128_tbl_tri1_R1719000_fixed/exact_freq_loss.jsonl
trigram,2000000,s1v5_128_tbl_tri1_R2000000,1000,42,0.38838921007008076,0.9778073983375819,7,3.3561712503433228,True,data/runs_scaling/s1v5_128_tbl_tri1_R2000000_fixed/exact_freq_loss.jsonl
trigram,2347000,s1v5_128_tbl_tri1_R2347000,1000,42,0.39333272107142064,0.9796540490045026,7,3.6166199445724487,True,data/runs_scaling/s1v5_128_tbl_tri1_R2347000_fixed/exact_freq_loss.jsonl
