R,f_lo,f_hi,fbar,gap,gap_ref,s_emp,x_meanfield,load,val_tokens
1,1,2,1.0,0.03611,5.08142,0.00711,0.0,3541098.0,12905
1,2,4,2.4,-0.00434,3.85384,-0.00113,0.0,3541098.0,16563
1,4,8,5.3,-0.0201,2.92273,-0.00688,0.0,3541098.0,20656
1,8,16,11.0,-0.05142,2.06918,-0.02485,0.0,3541098.0,26025
1,16,32,22.3,-0.02471,1.48859,-0.0166,0.0,3541098.0,33169
1,32,64,44.9,-0.05122,1.075,-0.04764,0.0,3541098.0,41489
1,64,128,90.2,-0.01387,0.73858,-0.01878,0.0,3541098.0,53239
1,128,256,180.7,-0.01241,0.50917,-0.02436,0.0,3541098.0,66140
1,256,512,361.7,-0.02189,0.38501,-0.05686,1e-05,3541098.0,76469
1,512,1024,723.7,0.01143,0.2483,0.04603,1e-05,3541098.0,79555
1,1024,4096,2047.7,-0.02036,0.12509,-0.16275,4e-05,3541098.0,65387
1,4096,32768,11585.1,-0.02178,0.09638,-0.226,0.00023,3541098.0,51494
2,1,2,1.0,0.044,5.08142,0.00866,0.0,1770549.0,12905
2,2,4,2.4,-0.00259,3.85384,-0.00067,0.0,1770549.0,16563
2,4,8,5.3,-0.0172,2.92273,-0.00588,0.0,1770549.0,20656
2,8,16,11.0,-0.0523,2.06918,-0.02528,0.0,1770549.0,26025
2,16,32,22.3,-0.02125,1.48859,-0.01427,0.0,1770549.0,33169
2,32,64,44.9,-0.05066,1.075,-0.04713,0.0,1770549.0,41489
2,64,128,90.2,-0.01757,0.73858,-0.02379,0.0,1770549.0,53239
2,128,256,180.7,-0.00813,0.50917,-0.01597,1e-05,1770549.0,66140
2,256,512,361.7,-0.02034,0.38501,-0.05284,1e-05,1770549.0,76469
2,512,1024,723.7,0.01365,0.2483,0.05497,3e-05,1770549.0,79555
2,1024,4096,2047.7,-0.01976,0.12509,-0.15794,8e-05,1770549.0,65387
2,4096,32768,11585.1,-0.0224,0.09638,-0.23241,0.00047,1770549.0,51494
5,1,2,1.0,0.03569,5.08142,0.00702,0.0,708219.6,12905
5,2,4,2.4,-0.00413,3.85384,-0.00107,0.0,708219.6,16563
5,4,8,5.3,-0.01962,2.92273,-0.00671,0.0,708219.6,20656
5,8,16,11.0,-0.05104,2.06918,-0.02467,0.0,708219.6,26025
5,16,32,22.3,-0.0219,1.48859,-0.01471,0.0,708219.6,33169
5,32,64,44.9,-0.05394,1.075,-0.05018,0.0,708219.6,41489
5,64,128,90.2,-0.01543,0.73858,-0.02089,1e-05,708219.6,53239
5,128,256,180.7,-0.00918,0.50917,-0.01804,2e-05,708219.6,66140
5,256,512,361.7,-0.02247,0.38501,-0.05837,4e-05,708219.6,76469
5,512,1024,723.7,0.01249,0.2483,0.05031,7e-05,708219.6,79555
5,1024,4096,2047.7,-0.01781,0.12509,-0.1424,0.00021,708219.6,65387
5,4096,32768,11585.1,-0.021,0.09638,-0.21785,0.00116,708219.6,51494
10,1,2,1.0,0.03257,5.08142,0.00641,0.0,354109.8,12905
10,2,4,2.4,-0.00412,3.85384,-0.00107,0.0,354109.8,16563
10,4,8,5.3,-0.02288,2.92273,-0.00783,0.0,354109.8,20656
10,8,16,11.0,-0.04782,2.06918,-0.02311,0.0,354109.8,26025
10,16,32,22.3,-0.01582,1.48859,-0.01063,0.0,354109.8,33169
10,32,64,44.9,-0.05237,1.075,-0.04872,1e-05,354109.8,41489
10,64,128,90.2,-0.01509,0.73858,-0.02043,2e-05,354109.8,53239
10,128,256,180.7,-0.0139,0.50917,-0.0273,4e-05,354109.8,66140
10,256,512,361.7,-0.02275,0.38501,-0.05908,7e-05,354109.8,76469
10,512,1024,723.7,0.01243,0.2483,0.05004,0.00015,354109.8,79555
10,1024,4096,2047.7,-0.01831,0.12509,-0.14634,0.00041,354109.8,65387
10,4096,32768,11585.1,-0.02412,0.09638,-0.2503,0.00232,354109.8,51494
22,1,2,1.0,0.04177,5.08142,0.00822,0.0,160959.0,12905
22,2,4,2.4,0.00759,3.85384,0.00197,0.0,160959.0,16563
22,4,8,5.3,-0.01048,2.92273,-0.00359,0.0,160959.0,20656
22,8,16,11.0,-0.04988,2.06918,-0.0241,0.0,160959.0,26025
22,16,32,22.3,-0.02195,1.48859,-0.01475,1e-05,160959.0,33169
22,32,64,44.9,-0.048,1.075,-0.04465,2e-05,160959.0,41489
22,64,128,90.2,-0.0121,0.73858,-0.01638,4e-05,160959.0,53239
22,128,256,180.7,-0.01222,0.50917,-0.024,8e-05,160959.0,66140
22,256,512,361.7,-0.02291,0.38501,-0.0595,0.00016,160959.0,76469
22,512,1024,723.7,0.00747,0.2483,0.03007,0.00032,160959.0,79555
22,1024,4096,2047.7,-0.01752,0.12509,-0.14007,0.00091,160959.0,65387
22,4096,32768,11585.1,-0.02356,0.09638,-0.24443,0.0051,160959.0,51494
46,1,2,1.0,0.01016,5.08142,0.002,0.0,76980.391,12905
46,2,4,2.4,-0.00606,3.85384,-0.00157,0.0,76980.391,16563
46,4,8,5.3,-0.02739,2.92273,-0.00937,0.0,76980.391,20656
46,8,16,11.0,-0.0374,2.06918,-0.01807,1e-05,76980.391,26025
46,16,32,22.3,-0.02835,1.48859,-0.01904,2e-05,76980.391,33169
46,32,64,44.9,-0.02999,1.075,-0.0279,4e-05,76980.391,41489
46,64,128,90.2,-0.00551,0.73858,-0.00746,8e-05,76980.391,53239
46,128,256,180.7,-0.01343,0.50917,-0.02638,0.00017,76980.391,66140
46,256,512,361.7,-0.01856,0.38501,-0.04822,0.00033,76980.391,76469
46,512,1024,723.7,0.01384,0.2483,0.05574,0.00067,76980.391,79555
46,1024,4096,2047.7,-0.03269,0.12509,-0.26137,0.00189,76980.391,65387
46,4096,32768,11585.1,-0.02497,0.09638,-0.25907,0.01061,76980.391,51494
100,1,2,1.0,0.04252,5.08142,0.00837,0.0,35410.98,12905
100,2,4,2.4,0.00748,3.85384,0.00194,0.0,35410.98,16563
100,4,8,5.3,0.00337,2.92273,0.00115,1e-05,35410.98,20656
100,8,16,11.0,-0.03366,2.06918,-0.01627,2e-05,35410.98,26025
100,16,32,22.3,-0.01284,1.48859,-0.00863,4e-05,35410.98,33169
100,32,64,44.9,-0.02601,1.075,-0.02419,9e-05,35410.98,41489
100,64,128,90.2,0.01472,0.73858,0.01994,0.00018,35410.98,53239
100,128,256,180.7,0.00719,0.50917,0.01412,0.00036,35410.98,66140
100,256,512,361.7,0.00909,0.38501,0.02361,0.00073,35410.98,76469
100,512,1024,723.7,-0.00031,0.2483,-0.00126,0.00145,35410.98,79555
100,1024,4096,2047.7,-0.01367,0.12509,-0.10932,0.0041,35410.98,65387
100,4096,32768,11585.1,-0.02894,0.09638,-0.30029,0.02277,35410.98,51494
215,1,2,1.0,0.00781,5.08142,0.00154,0.0,16470.223,12905
215,2,4,2.4,0.023,3.85384,0.00597,1e-05,16470.223,16563
215,4,8,5.3,-0.01773,2.92273,-0.00607,2e-05,16470.223,20656
215,8,16,11.0,-0.01802,2.06918,-0.00871,5e-05,16470.223,26025
215,16,32,22.3,-0.00316,1.48859,-0.00213,0.0001,16470.223,33169
215,32,64,44.9,-0.00566,1.075,-0.00526,0.00019,16470.223,41489
215,64,128,90.2,0.00873,0.73858,0.01182,0.00039,16470.223,53239
215,128,256,180.7,0.00581,0.50917,0.01141,0.00078,16470.223,66140
215,256,512,361.7,0.01299,0.38501,0.03375,0.00156,16470.223,76469
215,512,1024,723.7,-0.00169,0.2483,-0.0068,0.00312,16470.223,79555
215,1024,4096,2047.7,-0.01974,0.12509,-0.15781,0.00878,16470.223,65387
215,4096,32768,11585.1,-0.01356,0.09638,-0.14071,0.04771,16470.223,51494
464,1,2,1.0,0.04568,5.08142,0.00899,1e-05,7631.677,12905
464,2,4,2.4,0.01102,3.85384,0.00286,2e-05,7631.677,16563
464,4,8,5.3,0.00888,2.92273,0.00304,5e-05,7631.677,20656
464,8,16,11.0,0.00959,2.06918,0.00464,0.0001,7631.677,26025
464,16,32,22.3,-0.00278,1.48859,-0.00187,0.00021,7631.677,33169
464,32,64,44.9,-0.00554,1.075,-0.00515,0.00042,7631.677,41489
464,64,128,90.2,0.0211,0.73858,0.02857,0.00084,7631.677,53239
464,128,256,180.7,0.01883,0.50917,0.03698,0.00168,7631.677,66140
464,256,512,361.7,0.0172,0.38501,0.04467,0.00336,7631.677,76469
464,512,1024,723.7,0.01299,0.2483,0.05231,0.00671,7631.677,79555
464,1024,4096,2047.7,-0.02427,0.12509,-0.19399,0.01875,7631.677,65387
464,4096,32768,11585.1,-0.02004,0.09638,-0.20795,0.09757,7631.677,51494
1000,1,2,1.0,0.02446,5.08142,0.00481,2e-05,3541.098,12905
1000,2,4,2.4,0.01289,3.85384,0.00334,5e-05,3541.098,16563
1000,4,8,5.3,0.00851,2.92273,0.00291,0.00011,3541.098,20656
1000,8,16,11.0,-0.01107,2.06918,-0.00535,0.00022,3541.098,26025
1000,16,32,22.3,-0.00122,1.48859,-0.00082,0.00045,3541.098,33169
1000,32,64,44.9,-0.02954,1.075,-0.02748,0.0009,3541.098,41489
1000,64,128,90.2,0.00708,0.73858,0.00959,0.00181,3541.098,53239
1000,128,256,180.7,0.01256,0.50917,0.02468,0.00362,3541.098,66140
1000,256,512,361.7,0.01604,0.38501,0.04165,0.00722,3541.098,76469
1000,512,1024,723.7,-0.00726,0.2483,-0.02924,0.01435,3541.098,79555
1000,1024,4096,2047.7,-0.0284,0.12509,-0.22703,0.03956,3541.098,65387
1000,4096,32768,11585.1,-0.02857,0.09638,-0.29647,0.18898,3541.098,51494
2154,1,2,1.0,-0.01405,5.08142,-0.00276,4e-05,1643.964,12905
2154,2,4,2.4,-0.01159,3.85384,-0.00301,0.00011,1643.964,16563
2154,4,8,5.3,0.01135,2.92273,0.00388,0.00023,1643.964,20656
2154,8,16,11.0,-0.01608,2.06918,-0.00777,0.00047,1643.964,26025
2154,16,32,22.3,0.0042,1.48859,0.00282,0.00096,1643.964,33169
2154,32,64,44.9,-0.00202,1.075,-0.00188,0.00194,1643.964,41489
2154,64,128,90.2,0.03021,0.73858,0.0409,0.00389,1643.964,53239
2154,128,256,180.7,0.02758,0.50917,0.05416,0.00777,1643.964,66140
2154,256,512,361.7,0.02321,0.38501,0.06028,0.01543,1643.964,76469
2154,512,1024,723.7,0.00362,0.2483,0.01457,0.0304,1643.964,79555
2154,1024,4096,2047.7,-0.01703,0.12509,-0.13611,0.08149,1643.964,65387
2154,4096,32768,11585.1,-0.02855,0.09638,-0.29623,0.33419,1643.964,51494
4642,1,2,1.0,-0.01179,5.08142,-0.00232,9e-05,762.839,12905
4642,2,4,2.4,0.03939,3.85384,0.01022,0.00023,762.839,16563
4642,4,8,5.3,0.03147,2.92273,0.01077,0.00049,762.839,20656
4642,8,16,11.0,0.00198,2.06918,0.00096,0.00102,762.839,26025
4642,16,32,22.3,0.02094,1.48859,0.01407,0.00208,762.839,33169
4642,32,64,44.9,0.01549,1.075,0.01441,0.00417,762.839,41489
4642,64,128,90.2,0.03721,0.73858,0.05038,0.00835,762.839,53239
4642,128,256,180.7,0.03441,0.50917,0.06759,0.01659,762.839,66140
4642,256,512,361.7,0.05018,0.38501,0.13035,0.03267,762.839,76469
4642,512,1024,723.7,0.01812,0.2483,0.07298,0.0633,762.839,79555
4642,1024,4096,2047.7,-0.01591,0.12509,-0.1272,0.16051,762.839,65387
4642,4096,32768,11585.1,-0.01799,0.09638,-0.18662,0.51962,762.839,51494
10000,1,2,1.0,-0.00833,5.08142,-0.00164,0.0002,354.11,12905
10000,2,4,2.4,0.03573,3.85384,0.00927,0.00049,354.11,16563
10000,4,8,5.3,0.07272,2.92273,0.02488,0.00106,354.11,20656
10000,8,16,11.0,0.05755,2.06918,0.02781,0.0022,354.11,26025
10000,16,32,22.3,0.09178,1.48859,0.06165,0.00446,354.11,33169
10000,32,64,44.9,0.06604,1.075,0.06143,0.00895,354.11,41489
10000,64,128,90.2,0.07617,0.73858,0.10313,0.01781,354.11,53239
10000,128,256,180.7,0.07165,0.50917,0.14072,0.03506,354.11,66140
10000,256,512,361.7,0.07258,0.38501,0.1885,0.06782,354.11,76469
10000,512,1024,723.7,0.03279,0.2483,0.13205,0.12707,354.11,79555
10000,1024,4096,2047.7,-0.00465,0.12509,-0.03716,0.29173,354.11,65387
10000,4096,32768,11585.1,-0.01889,0.09638,-0.19602,0.69972,354.11,51494
16000,1,2,1.0,0.02182,5.08142,0.00429,0.00032,221.319,12905
16000,2,4,2.4,0.09198,3.85384,0.02387,0.00079,221.319,16563
16000,4,8,5.3,0.10436,2.92273,0.03571,0.0017,221.319,20656
16000,8,16,11.0,0.10397,2.06918,0.05025,0.00351,221.319,26025
16000,16,32,22.3,0.11545,1.48859,0.07756,0.00712,221.319,33169
16000,32,64,44.9,0.08815,1.075,0.082,0.01424,221.319,41489
16000,64,128,90.2,0.09333,0.73858,0.12637,0.0282,221.319,53239
16000,128,256,180.7,0.1044,0.50917,0.20504,0.05495,221.319,66140
16000,256,512,361.7,0.09697,0.38501,0.25186,0.10426,221.319,76469
16000,512,1024,723.7,0.04682,0.2483,0.18855,0.18891,221.319,79555
16000,1024,4096,2047.7,0.00525,0.12509,0.04196,0.39723,221.319,65387
16000,4096,32768,11585.1,-0.00929,0.09638,-0.09636,0.78851,221.319,51494
22000,1,2,1.0,0.11213,5.08142,0.02207,0.00044,160.959,12905
22000,2,4,2.4,0.1534,3.85384,0.0398,0.00108,160.959,16563
22000,4,8,5.3,0.18472,2.92273,0.0632,0.00234,160.959,20656
22000,8,16,11.0,0.17261,2.06918,0.08342,0.00482,160.959,26025
22000,16,32,22.3,0.17519,1.48859,0.11769,0.00976,160.959,33169
22000,32,64,44.9,0.18071,1.075,0.1681,0.01948,160.959,41489
22000,64,128,90.2,0.14532,0.73858,0.19676,0.03836,160.959,53239
22000,128,256,180.7,0.1266,0.50917,0.24863,0.07403,160.959,66140
22000,256,512,361.7,0.13166,0.38501,0.34196,0.13797,160.959,76469
22000,512,1024,723.7,0.07342,0.2483,0.2957,0.24257,160.959,79555
22000,1024,4096,2047.7,0.01615,0.12509,0.12909,0.47538,160.959,65387
22000,4096,32768,11585.1,0.00647,0.09638,0.06709,0.83677,160.959,51494
30000,1,2,1.0,0.14574,5.08142,0.02868,0.0006,118.037,12905
30000,2,4,2.4,0.22655,3.85384,0.05878,0.00148,118.037,16563
30000,4,8,5.3,0.22266,2.92273,0.07618,0.00318,118.037,20656
30000,8,16,11.0,0.21641,2.06918,0.10459,0.00657,118.037,26025
30000,16,32,22.3,0.23614,1.48859,0.15863,0.01326,118.037,33169
30000,32,64,44.9,0.20134,1.075,0.18729,0.02638,118.037,41489
30000,64,128,90.2,0.16695,0.73858,0.22604,0.05159,118.037,53239
30000,128,256,180.7,0.16715,0.50917,0.32829,0.0983,118.037,66140
30000,256,512,361.7,0.15031,0.38501,0.39041,0.17915,118.037,76469
30000,512,1024,723.7,0.07683,0.2483,0.3094,0.30396,118.037,79555
30000,1024,4096,2047.7,0.02682,0.12509,0.21443,0.5527,118.037,65387
30000,4096,32768,11585.1,0.01133,0.09638,0.1176,0.87485,118.037,51494
41000,1,2,1.0,0.16637,5.08142,0.03274,0.00082,86.368,12905
41000,2,4,2.4,0.23989,3.85384,0.06225,0.00202,86.368,16563
41000,4,8,5.3,0.27632,2.92273,0.09454,0.00434,86.368,20656
41000,8,16,11.0,0.24971,2.06918,0.12068,0.00895,86.368,26025
41000,16,32,22.3,0.251,1.48859,0.16862,0.01804,86.368,33169
41000,32,64,44.9,0.20322,1.075,0.18904,0.03571,86.368,41489
41000,64,128,90.2,0.17599,0.73858,0.23829,0.0692,86.368,53239
41000,128,256,180.7,0.17159,0.50917,0.337,0.12967,86.368,66140
41000,256,512,361.7,0.15006,0.38501,0.38975,0.22974,86.368,76469
41000,512,1024,723.7,0.07806,0.2483,0.31437,0.37376,86.368,79555
41000,1024,4096,2047.7,0.01321,0.12509,0.10558,0.62808,86.368,65387
41000,4096,32768,11585.1,0.00349,0.09638,0.03619,0.90525,86.368,51494
56000,1,2,1.0,0.3155,5.08142,0.06209,0.00113,63.234,12905
56000,2,4,2.4,0.36467,3.85384,0.09462,0.00275,63.234,16563
56000,4,8,5.3,0.40028,2.92273,0.13695,0.00592,63.234,20656
56000,8,16,11.0,0.38998,2.06918,0.18847,0.01219,63.234,26025
56000,16,32,22.3,0.38974,1.48859,0.26182,0.02447,63.234,33169
56000,32,64,44.9,0.33035,1.075,0.30731,0.04814,63.234,41489
56000,64,128,90.2,0.26904,0.73858,0.36427,0.09219,63.234,53239
56000,128,256,180.7,0.22913,0.50917,0.45001,0.16909,63.234,66140
56000,256,512,361.7,0.19164,0.38501,0.49774,0.28947,63.234,76469
56000,512,1024,723.7,0.11379,0.2483,0.45829,0.44909,63.234,79555
56000,1024,4096,2047.7,0.03328,0.12509,0.26602,0.69757,63.234,65387
56000,4096,32768,11585.1,0.01791,0.09638,0.18584,0.92882,63.234,51494
76000,1,2,1.0,0.3892,5.08142,0.07659,0.00153,46.593,12905
76000,2,4,2.4,0.42401,3.85384,0.11002,0.00373,46.593,16563
76000,4,8,5.3,0.47028,2.92273,0.16091,0.00802,46.593,20656
76000,8,16,11.0,0.44399,2.06918,0.21457,0.01647,46.593,26025
76000,16,32,22.3,0.41918,1.48859,0.2816,0.03292,46.593,33169
76000,32,64,44.9,0.36596,1.075,0.34043,0.06423,46.593,41489
76000,64,128,90.2,0.29218,0.73858,0.3956,0.12112,46.593,53239
76000,128,256,180.7,0.25041,0.50917,0.49181,0.21641,46.593,66140
76000,256,512,361.7,0.20122,0.38501,0.52264,0.35604,46.593,76469
76000,512,1024,723.7,0.11542,0.2483,0.46483,0.52524,46.593,79555
76000,1024,4096,2047.7,0.03913,0.12509,0.31278,0.75789,46.593,65387
76000,4096,32768,11585.1,0.01952,0.09638,0.20258,0.94655,46.593,51494
104000,1,2,1.0,0.53854,5.08142,0.10598,0.00209,34.049,12905
104000,2,4,2.4,0.63135,3.85384,0.16382,0.0051,34.049,16563
104000,4,8,5.3,0.65014,2.92273,0.22244,0.01095,34.049,20656
104000,8,16,11.0,0.59099,2.06918,0.28561,0.0224,34.049,26025
104000,16,32,22.3,0.54486,1.48859,0.36603,0.04451,34.049,33169
104000,32,64,44.9,0.46137,1.075,0.42918,0.08586,34.049,41489
104000,64,128,90.2,0.37556,0.73858,0.50849,0.15867,34.049,53239
104000,128,256,180.7,0.30955,0.50917,0.60796,0.27427,34.049,66140
104000,256,512,361.7,0.23577,0.38501,0.61236,0.43071,34.049,76469
104000,512,1024,723.7,0.14396,0.2483,0.57977,0.60221,34.049,79555
104000,1024,4096,2047.7,0.04799,0.12509,0.38363,0.81073,34.049,65387
104000,4096,32768,11585.1,0.02926,0.09638,0.30364,0.96037,34.049,51494
142000,1,2,1.0,0.72928,5.08142,0.14352,0.00285,24.937,12905
142000,2,4,2.4,0.75787,3.85384,0.19665,0.00695,24.937,16563
142000,4,8,5.3,0.79701,2.92273,0.27269,0.01489,24.937,20656
142000,8,16,11.0,0.71567,2.06918,0.34587,0.03034,24.937,26025
142000,16,32,22.3,0.63421,1.48859,0.42605,0.05981,24.937,33169
142000,32,64,44.9,0.5375,1.075,0.49999,0.11367,24.937,41489
142000,64,128,90.2,0.41512,0.73858,0.56205,0.20477,24.937,53239
142000,128,256,180.7,0.3311,0.50917,0.65028,0.34037,24.937,66140
142000,256,512,361.7,0.25691,0.38501,0.66727,0.50812,24.937,76469
142000,512,1024,723.7,0.15206,0.2483,0.6124,0.67396,24.937,79555
142000,1024,4096,2047.7,0.05354,0.12509,0.42804,0.85399,24.937,65387
142000,4096,32768,11585.1,0.03069,0.09638,0.31844,0.97066,24.937,51494
194000,1,2,1.0,0.98941,5.08142,0.19471,0.00389,18.253,12905
194000,2,4,2.4,1.09078,3.85384,0.28304,0.00947,18.253,16563
194000,4,8,5.3,1.05788,2.92273,0.36195,0.02023,18.253,20656
194000,8,16,11.0,0.91675,2.06918,0.44305,0.04099,18.253,26025
194000,16,32,22.3,0.78047,1.48859,0.5243,0.07996,18.253,33169
194000,32,64,44.9,0.6617,1.075,0.61553,0.14908,18.253,41489
194000,64,128,90.2,0.5127,0.73858,0.69417,0.26024,18.253,53239
194000,128,256,180.7,0.37527,0.50917,0.73703,0.41348,18.253,66140
194000,256,512,361.7,0.29156,0.38501,0.75727,0.58529,18.253,76469
194000,512,1024,723.7,0.17652,0.2483,0.71092,0.7385,18.253,79555
194000,1024,4096,2047.7,0.07431,0.12509,0.59408,0.88877,18.253,65387
194000,4096,32768,11585.1,0.04679,0.09638,0.48549,0.97836,18.253,51494
265000,1,2,1.0,1.37161,5.08142,0.26993,0.0053,13.363,12905
265000,2,4,2.4,1.37996,3.85384,0.35807,0.01289,13.363,16563
265000,4,8,5.3,1.30806,2.92273,0.44755,0.02743,13.363,20656
265000,8,16,11.0,1.1078,2.06918,0.53538,0.05517,13.363,26025
265000,16,32,22.3,0.89279,1.48859,0.59976,0.10611,13.363,33169
265000,32,64,44.9,0.72647,1.075,0.67579,0.19311,13.363,41489
265000,64,128,90.2,0.55093,0.73858,0.74594,0.32457,13.363,53239
265000,128,256,180.7,0.40824,0.50917,0.80179,0.49057,13.363,66140
265000,256,512,361.7,0.29759,0.38501,0.77293,0.65845,13.363,76469
265000,512,1024,723.7,0.18763,0.2483,0.75567,0.79414,13.363,79555
265000,1024,4096,2047.7,0.0793,0.12509,0.63395,0.91607,13.363,65387
265000,4096,32768,11585.1,0.05161,0.09638,0.53556,0.98406,13.363,51494
362000,1,2,1.0,1.77096,5.08142,0.34852,0.00723,9.782,12905
362000,2,4,2.4,1.70676,3.85384,0.44287,0.01752,9.782,16563
362000,4,8,5.3,1.53668,2.92273,0.52577,0.0371,9.782,20656
362000,8,16,11.0,1.2628,2.06918,0.61029,0.07387,9.782,26025
362000,16,32,22.3,1.01382,1.48859,0.68106,0.13953,9.782,33169
362000,32,64,44.9,0.8016,1.075,0.74567,0.24638,9.782,41489
362000,64,128,90.2,0.58452,0.73858,0.79142,0.3963,9.782,53239
362000,128,256,180.7,0.42215,0.50917,0.82909,0.56812,9.782,66140
362000,256,512,361.7,0.31078,0.38501,0.8072,0.72478,9.782,76469
362000,512,1024,723.7,0.18913,0.2483,0.76169,0.8405,9.782,79555
362000,1024,4096,2047.7,0.08083,0.12509,0.64617,0.93715,9.782,65387
362000,4096,32768,11585.1,0.04655,0.09638,0.48305,0.98828,9.782,51494
494000,1,2,1.0,2.33433,5.08142,0.45939,0.00984,7.168,12905
494000,2,4,2.4,2.15856,3.85384,0.56011,0.02376,7.168,16563
494000,4,8,5.3,1.88729,2.92273,0.64573,0.04995,7.168,20656
494000,8,16,11.0,1.48732,2.06918,0.7188,0.09816,7.168,26025
494000,16,32,22.3,1.18473,1.48859,0.79587,0.18119,7.168,33169
494000,32,64,44.9,0.88325,1.075,0.82162,0.3085,7.168,41489
494000,64,128,90.2,0.6472,0.73858,0.87628,0.47252,7.168,53239
494000,128,256,180.7,0.45844,0.50917,0.90037,0.64224,7.168,66140
494000,256,512,361.7,0.33385,0.38501,0.86711,0.78231,7.168,76469
494000,512,1024,723.7,0.21561,0.2483,0.86834,0.87792,7.168,79555
494000,1024,4096,2047.7,0.09849,0.12509,0.78733,0.95315,7.168,65387
494000,4096,32768,11585.1,0.0588,0.09638,0.6101,0.99139,7.168,51494
675000,1,2,1.0,2.87227,5.08142,0.56525,0.0134,5.246,12905
675000,2,4,2.4,2.57504,3.85384,0.66817,0.03219,5.246,16563
675000,4,8,5.3,2.14501,2.92273,0.73391,0.06703,5.246,20656
675000,8,16,11.0,1.64434,2.06918,0.79468,0.12947,5.246,26025
675000,16,32,22.3,1.24604,1.48859,0.83706,0.23217,5.246,33169
675000,32,64,44.9,0.94929,1.075,0.88305,0.37873,5.246,41489
675000,64,128,90.2,0.66563,0.73858,0.90123,0.55037,5.246,53239
675000,128,256,180.7,0.4711,0.50917,0.92523,0.71039,5.246,66140
675000,256,512,361.7,0.34834,0.38501,0.90474,0.83081,5.246,76469
675000,512,1024,723.7,0.2132,0.2483,0.85865,0.90763,5.246,79555
675000,1024,4096,2047.7,0.09343,0.12509,0.74688,0.96528,5.246,65387
675000,4096,32768,11585.1,0.06636,0.09638,0.68852,0.99368,5.246,51494
922000,1,2,1.0,3.65839,5.08142,0.71995,0.01821,3.841,12905
922000,2,4,2.4,3.0315,3.85384,0.78662,0.04345,3.841,16563
922000,4,8,5.3,2.41873,2.92273,0.82756,0.08936,3.841,20656
922000,8,16,11.0,1.82826,2.06918,0.88357,0.16885,3.841,26025
922000,16,32,22.3,1.36045,1.48859,0.91392,0.29229,3.841,33169
922000,32,64,44.9,0.99791,1.075,0.92829,0.45435,3.841,41489
922000,64,128,90.2,0.70755,0.73858,0.958,0.62574,3.841,53239
922000,128,256,180.7,0.49564,0.50917,0.97344,0.77014,3.841,66140
922000,256,512,361.7,0.35442,0.38501,0.92053,0.87026,3.841,76469
922000,512,1024,723.7,0.23158,0.2483,0.93268,0.93066,3.841,79555
922000,1024,4096,2047.7,0.10652,0.12509,0.85153,0.97434,3.841,65387
922000,4096,32768,11585.1,0.07892,0.09638,0.81883,0.99537,3.841,51494
1259000,1,2,1.0,4.02182,5.08142,0.79148,0.0247,2.813,12905
1259000,2,4,2.4,3.23574,3.85384,0.83961,0.05841,2.813,16563
1259000,4,8,5.3,2.55476,2.92273,0.8741,0.11816,2.813,20656
1259000,8,16,11.0,1.87976,2.06918,0.90846,0.21716,2.813,26025
1259000,16,32,22.3,1.36574,1.48859,0.91747,0.3606,2.813,33169
1259000,32,64,44.9,1.01851,1.075,0.94745,0.53206,2.813,41489
1259000,64,128,90.2,0.70197,0.73858,0.95043,0.6954,2.813,53239
1259000,128,256,180.7,0.47465,0.50917,0.93221,0.82063,2.813,66140
1259000,256,512,361.7,0.3446,0.38501,0.89502,0.90157,2.813,76469
1259000,512,1024,723.7,0.21595,0.2483,0.86973,0.94826,2.813,79555
1259000,1024,4096,2047.7,0.09142,0.12509,0.7308,0.98108,2.813,65387
1259000,4096,32768,11585.1,0.07329,0.09638,0.76051,0.9966,2.813,51494
1719000,1,2,1.0,4.61132,5.08142,0.90749,0.03342,2.06,12905
1719000,2,4,2.4,3.57816,3.85384,0.92847,0.07808,2.06,16563
1719000,4,8,5.3,2.76397,2.92273,0.94568,0.15466,2.06,20656
1719000,8,16,11.0,2.00233,2.06918,0.96769,0.27471,2.06,26025
1719000,16,32,22.3,1.47145,1.48859,0.98849,0.43504,2.06,33169
1719000,32,64,44.9,1.07442,1.075,0.99946,0.60822,2.06,41489
1719000,64,128,90.2,0.75118,0.73858,1.01706,0.75712,2.06,53239
1719000,128,256,180.7,0.53258,0.50917,1.04599,0.86201,2.06,66140
1719000,256,512,361.7,0.39398,0.38501,1.0233,0.92596,2.06,76469
1719000,512,1024,723.7,0.25618,0.2483,1.03172,0.96157,2.06,79555
1719000,1024,4096,2047.7,0.13567,0.12509,1.08459,0.98607,2.06,65387
1719000,4096,32768,11585.1,0.1141,0.09638,1.18392,0.99751,2.06,51494
2000000,1,2,1.0,4.87059,5.08142,0.95851,0.03867,1.771,12905
2000000,2,4,2.4,3.71853,3.85384,0.96489,0.0897,1.771,16563
2000000,4,8,5.3,2.89333,2.92273,0.98994,0.17551,1.771,20656
2000000,8,16,11.0,2.06631,2.06918,0.99862,0.30588,1.771,26025
2000000,16,32,22.3,1.51116,1.48859,1.01516,0.47255,1.771,33169
2000000,32,64,44.9,1.10163,1.075,1.02477,0.64365,1.771,41489
2000000,64,128,90.2,0.77276,0.73858,1.04629,0.78387,1.771,53239
2000000,128,256,180.7,0.55827,0.50917,1.09644,0.87905,1.771,66140
2000000,256,512,361.7,0.42078,0.38501,1.0929,0.93569,1.771,76469
2000000,512,1024,723.7,0.2865,0.2483,1.15383,0.96679,1.771,79555
2000000,1024,4096,2047.7,0.16594,0.12509,1.32651,0.98801,1.771,65387
2000000,4096,32768,11585.1,0.14268,0.09638,1.48041,0.99786,1.771,51494
2347000,1,2,1.0,5.08142,5.08142,1.0,0.04508,1.509,12905
2347000,2,4,2.4,3.85384,3.85384,1.0,0.10365,1.509,16563
2347000,4,8,5.3,2.92273,2.92273,1.0,0.19987,1.509,20656
2347000,8,16,11.0,2.06918,2.06918,1.0,0.34086,1.509,26025
2347000,16,32,22.3,1.48859,1.48859,1.0,0.51252,1.509,33169
2347000,32,64,44.9,1.075,1.075,1.0,0.67945,1.509,41489
2347000,64,128,90.2,0.73858,0.73858,1.0,0.80974,1.509,53239
2347000,128,256,180.7,0.50917,0.50917,1.0,0.89505,1.509,66140
2347000,256,512,361.7,0.38501,0.38501,1.0,0.94467,1.509,76469
2347000,512,1024,723.7,0.2483,0.2483,1.0,0.97156,1.509,79555
2347000,1024,4096,2047.7,0.12509,0.12509,1.0,0.98976,1.509,65387
2347000,4096,32768,11585.1,0.09638,0.09638,1.0,0.99817,1.509,51494
