f,n_contexts,N1_types,cont_types,M,S_eff
1,13830665,13830665,13830665,1.0,1.0
2,2385381,3189488,3980125,0.668549,1.6685
3,903877,1712058,2123504,0.631376,2.3493
4,475253,1140331,1419151,0.599855,2.9861
5,291075,845488,1052875,0.580942,3.6172
6,197348,665364,831922,0.561921,4.2155
7,141179,542687,679426,0.549138,4.8125
8,106490,455642,573089,0.534841,5.3816
9,83376,393343,496202,0.524189,5.9514
10,66866,342457,433329,0.512154,6.4806
11,54630,302728,384513,0.503766,7.0385
12,45355,271217,344661,0.498322,7.5992
13,38373,244567,311651,0.490263,8.1216
14,32827,220968,282715,0.480806,8.6123
15,28592,206472,263707,0.481421,9.2231
16,24765,186312,239374,0.4702,9.6658
17,21842,173578,222812,0.46747,10.2011
18,19355,161553,207736,0.463713,10.7329
19,17147,149252,192337,0.458119,11.2169
20,15584,140781,181999,0.451684,11.6786
21,13855,129385,167897,0.444691,12.1182
22,12568,122539,158844,0.443185,12.6388
23,11368,113949,148215,0.435811,13.0379
24,10538,109600,142709,0.433352,13.5423
25,9697,103669,135367,0.427633,13.9597
26,8861,98830,128777,0.428976,14.533
27,8144,93071,121560,0.423265,14.9263
28,7518,89207,116419,0.423778,15.4854
29,6902,83653,109556,0.417935,15.8731
30,6482,81231,106256,0.417726,16.3925
31,6111,76909,101595,0.405979,16.6249
32,5663,75351,98953,0.415808,17.4736
33,5421,72295,95639,0.404124,17.6423
34,5062,69195,91257,0.402044,18.0279
35,4619,65616,86234,0.405876,18.6694
36,4347,62744,82818,0.400941,19.0518
37,4066,59422,78698,0.394983,19.3551
38,4106,61963,81759,0.397127,19.9121
39,3748,57256,76247,0.391703,20.3434
40,3473,54600,72275,0.393032,20.8105
41,3357,53788,71294,0.390796,21.2374
42,3180,51573,68673,0.386141,21.5953
43,2989,47888,64094,0.372591,21.4433
44,2773,45927,61503,0.376414,22.1792
45,2598,44100,58712,0.377213,22.5989
46,2609,45431,60654,0.378548,23.248
47,2503,44196,58801,0.375685,23.4922
48,2381,42727,57108,0.373854,23.9849
49,2229,39488,53225,0.361542,23.8784
50,2075,38109,51124,0.367316,24.6381
51,1991,37941,50810,0.373652,25.5198
52,2025,38619,51803,0.366752,25.5817
53,1843,35458,47554,0.363005,25.8025
54,1755,34327,46114,0.362214,26.2758
55,1751,35262,47387,0.366149,27.0628
56,1648,33518,44980,0.363189,27.2937
57,1583,32288,43433,0.357837,27.4371
58,1552,31633,42678,0.351415,27.4987
59,1408,29887,40098,0.359772,28.4787
60,1411,30538,41048,0.360713,29.0914
61,1313,28559,38541,0.356573,29.3534
62,1331,29674,39975,0.359589,30.0338
63,1286,29141,39057,0.359686,30.3709
64,1225,27699,37497,0.353304,30.6098
65,1125,25463,34556,0.348212,30.7164
66,1136,26983,36115,0.359888,31.7914
67,1111,26035,35179,0.349759,31.6643
68,1087,25701,34773,0.347706,31.9899
69,1031,24867,33628,0.349555,32.6169
70,989,24274,32851,0.350628,33.2164
71,913,22499,30273,0.347084,33.1577
72,958,22914,31204,0.332203,32.572
73,932,22760,31146,0.334529,33.4185
74,873,21733,29705,0.336414,34.0263
75,846,21625,29229,0.34082,34.5496
76,834,21124,28800,0.33327,34.5324
77,885,22894,31110,0.33596,35.1525
78,825,21456,29259,0.333427,35.4655
79,755,20074,27116,0.336558,35.9152
80,786,20878,28401,0.332029,36.1336
81,710,18817,25672,0.327195,36.1577
82,691,17882,24513,0.315591,35.4747
83,686,17751,24386,0.31176,35.5481
84,635,17345,23874,0.325178,37.5969
85,612,17387,23606,0.334237,38.5719
86,634,17040,23494,0.312523,37.0568
87,623,17136,23455,0.316157,37.6485
88,585,16504,22610,0.320591,38.6496
89,592,17279,23551,0.327949,39.7821
90,562,16210,22264,0.320482,39.6157
91,538,15856,21831,0.323869,40.5781
92,545,15764,21759,0.3144,39.9248
93,535,15772,21691,0.316993,40.5439
94,537,16293,22282,0.322774,41.4935
95,487,14152,19530,0.30589,40.1027
96,511,14662,20407,0.298883,39.9354
97,475,14393,19792,0.312382,41.6674
98,441,14078,19297,0.325744,43.7574
99,422,12921,17763,0.309278,42.0924
100,459,14359,19660,0.312832,42.8322
101,459,14125,19374,0.304687,42.2092
102,390,12719,17500,0.319734,44.8718
103,437,13611,18871,0.302393,43.1831
104,409,13371,18431,0.314345,45.0636
105,393,12711,17675,0.308033,44.9746
106,350,10937,15235,0.294798,43.5286
107,405,12485,17585,0.288104,43.4198
108,349,10414,14729,0.276292,42.2034
109,372,13109,17794,0.323296,47.8333
110,355,11296,15820,0.28927,44.5634
111,336,11237,15649,0.301292,46.5744
112,370,13254,17959,0.319836,48.5378
113,353,12652,17359,0.31718,49.1756
114,314,11420,15586,0.31903,49.6369
115,328,11271,15809,0.298807,48.1982
116,317,10839,15114,0.294762,47.6782
117,306,10398,14390,0.290431,47.0261
118,302,10359,14332,0.290689,47.457
119,282,10001,13937,0.298021,49.422
120,262,8885,12523,0.282602,47.7977
121,265,9182,12808,0.286356,48.3321
122,255,9536,13200,0.306525,51.7647
123,280,10646,14578,0.309117,52.0643
124,273,10446,14323,0.308579,52.4652
125,269,10113,13954,0.300758,51.8736
126,285,11356,15488,0.316235,54.3439
127,222,7659,10899,0.271654,49.0946
128,208,7890,10733,0.296349,51.601
129,243,8825,12364,0.281526,50.8807
130,234,9048,12490,0.297436,53.3761
131,242,9856,13571,0.310895,56.0785
132,244,9478,13095,0.294275,53.668
133,224,8666,12151,0.290883,54.2455
134,211,7712,10977,0.272759,52.0237
135,216,8021,11215,0.275069,51.9213
136,228,8855,12479,0.285571,54.7325
137,224,8524,11961,0.277763,53.3973
138,200,9279,12493,0.336196,62.465
139,185,7067,9991,0.27482,54.0054
140,196,8074,11139,0.294242,56.8316
141,193,7397,10472,0.271819,54.2591
142,186,7284,10348,0.275784,55.6344
143,210,8691,12212,0.289411,58.1524
144,180,7005,9957,0.270255,55.3167
145,191,7705,10950,0.278209,57.3298
146,160,6083,8572,0.260402,53.575
147,165,6428,9056,0.265018,54.8848
148,155,5963,8430,0.259939,54.3871
149,157,6664,9312,0.284872,59.3121
150,195,8572,11861,0.29306,60.8256
151,152,6882,9629,0.299843,63.3487
152,149,6537,9113,0.288635,61.1611
153,175,7061,9996,0.263716,57.12
154,165,7951,10786,0.312908,65.3697
155,150,5830,8386,0.250753,55.9067
156,164,6912,9678,0.270169,59.0122
157,150,6709,9382,0.284883,62.5467
158,143,5547,8042,0.245508,56.2378
159,126,5979,8269,0.298443,65.627
160,154,6393,9080,0.259456,58.961
161,142,6147,8650,0.268874,60.9155
162,134,5976,8570,0.27529,63.9552
163,128,5729,8133,0.274588,63.5391
164,130,5660,8147,0.265478,62.6692
165,127,5543,8015,0.264519,63.1102
166,128,5788,8148,0.272402,63.6562
167,134,5569,8018,0.24886,59.8358
168,140,6129,8660,0.260587,61.8571
169,122,5322,7611,0.258124,62.3852
170,124,5669,8051,0.268928,64.9274
171,119,6148,8539,0.302128,71.7563
172,112,5237,7299,0.271854,65.1696
173,89,3967,5544,0.257648,62.2921
174,108,5228,7428,0.278203,68.7778
175,114,5178,7291,0.259549,63.9561
176,96,4247,6172,0.251361,64.2917
177,128,6156,8595,0.271716,67.1484
178,117,6096,8564,0.292711,73.1966
179,102,4826,6865,0.264322,67.3039
180,98,5112,7016,0.289796,71.5918
181,135,6682,9357,0.27346,69.3111
182,108,5199,7279,0.264499,67.3981
183,101,5020,7070,0.271601,70.0
184,112,5779,8106,0.280425,72.375
185,108,5217,7433,0.261111,68.8241
186,99,4460,6343,0.242207,64.0707
187,101,5480,7626,0.290147,75.505
188,114,5740,8074,0.267824,70.8246
189,94,4416,6334,0.248565,67.383
190,94,3990,5891,0.223404,62.6702
191,105,5096,7359,0.254101,70.0857
192,91,4541,6542,0.259902,71.8901
193,115,5656,8089,0.254832,70.3391
194,96,5130,7154,0.275451,74.5208
195,90,5186,7126,0.295499,79.1778
196,92,4846,6857,0.268744,74.5326
197,90,4818,6771,0.271743,75.2333
198,76,3748,5367,0.24907,70.6184
199,85,4250,6043,0.251256,71.0941
200,93,4212,6055,0.226452,65.1075
201,87,4896,6928,0.279979,79.6322
202,88,4148,5868,0.233348,66.6818
203,83,4773,6702,0.283281,80.747
204,85,3993,5820,0.230277,68.4706
205,74,4055,5645,0.267304,76.2838
206,96,4957,7011,0.250657,73.0312
207,68,3395,4917,0.241191,72.3088
208,69,3822,5394,0.266304,78.1739
209,72,3904,5655,0.259436,78.5417
210,62,2892,4162,0.22212,67.129
211,87,4985,7047,0.271559,81.0
212,70,3734,5247,0.251617,74.9571
213,61,3419,4936,0.263142,80.918
214,79,3916,5679,0.231634,71.8861
215,73,3926,5647,0.250143,77.3562
216,76,4641,6475,0.282712,85.1974
217,62,3374,4853,0.25078,78.2742
218,61,3716,5266,0.279441,86.3279
219,72,4075,5943,0.258435,82.5417
220,63,3417,4815,0.246537,76.4286
221,66,3605,5108,0.247155,77.3939
222,65,3771,5361,0.261331,82.4769
223,62,3892,5518,0.281499,89.0
224,61,3812,5453,0.278981,89.3934
225,55,3241,4633,0.261899,84.2364
226,60,3869,5537,0.285324,92.2833
227,59,3466,4914,0.258792,83.2881
228,57,3188,4520,0.245306,79.2982
229,45,2796,3978,0.271325,88.4
230,56,3164,4498,0.245652,80.3214
231,58,3346,4729,0.249739,81.5345
232,67,4366,6206,0.28088,92.6269
233,51,2663,3857,0.224102,75.6275
234,53,3042,4334,0.245283,81.7736
235,48,2781,3960,0.246543,82.5
236,70,4366,6133,0.264286,87.6143
237,55,3113,4477,0.238819,81.4
238,57,3090,4491,0.227775,78.7895
239,45,2789,3908,0.259321,86.8444
240,51,3206,4533,0.261928,88.8824
241,52,2808,4126,0.224066,79.3462
242,62,3449,5030,0.229872,81.129
243,54,2971,4251,0.226414,78.7222
244,50,3201,4504,0.262377,90.08
245,44,2834,4016,0.262894,91.2727
246,60,3900,5583,0.264228,93.05
247,54,3516,4937,0.263608,91.4259
248,48,2567,3899,0.215642,81.2292
249,45,3553,4847,0.317091,107.7111
250,58,3681,5293,0.253862,91.2586
251,53,3370,4800,0.253326,90.566
252,50,3065,4515,0.243254,90.3
253,42,2607,3736,0.245342,88.9524
254,49,3361,4721,0.270047,96.3469
255,47,2871,4117,0.239549,87.5957
256,48,2906,4190,0.236491,87.2917
257,36,2647,3709,0.2861,103.0278
258,38,2443,3494,0.249184,91.9474
259,51,3147,4638,0.238247,90.9412
260,48,3031,4409,0.242869,91.8542
261,46,2823,4004,0.235132,87.0435
262,50,3446,4793,0.263053,95.86
263,47,2763,3982,0.223526,84.7234
264,47,2551,3798,0.205593,80.8085
265,40,2384,3473,0.224906,86.825
266,38,2877,4081,0.284626,107.3947
267,37,2508,3583,0.253872,96.8378
268,39,2180,3283,0.208573,84.1795
269,49,3064,4362,0.232456,89.0204
270,45,3172,4398,0.26107,97.7333
271,23,1434,2123,0.230066,92.3043
272,34,2293,3324,0.247946,97.7647
273,40,2270,3162,0.207875,79.05
274,29,1659,2468,0.208784,85.1034
275,39,2515,3687,0.234499,94.5385
276,40,2116,3238,0.191667,80.95
277,36,2206,3196,0.221219,88.7778
278,37,2034,3013,0.197745,81.4324
279,45,2855,4257,0.227399,94.6
280,37,2553,3684,0.246429,99.5676
281,48,2918,4188,0.21634,87.25
282,25,1512,2262,0.214468,90.48
283,38,2772,3973,0.257765,104.5526
284,40,2412,3521,0.212324,88.025
285,37,2325,3341,0.220484,90.2973
286,35,2566,3662,0.256344,104.6286
287,43,2863,4149,0.231991,96.4884
288,34,2146,3246,0.219158,95.4706
289,33,2121,3171,0.222397,96.0909
290,26,1719,2500,0.227984,96.1538
291,43,3013,4362,0.24079,101.4419
292,37,3116,4383,0.288412,118.4595
293,30,2456,3429,0.279408,114.3
294,28,1944,2836,0.236152,101.2857
295,29,1833,2717,0.214261,93.6897
296,34,2236,3262,0.222178,95.9412
297,30,2143,3176,0.240516,105.8667
298,26,1638,2410,0.211409,92.6923
299,35,2271,3395,0.217009,97.0
300,32,2407,3523,0.250729,110.0938
301,23,1790,2521,0.258558,109.6087
302,22,1356,1953,0.204094,88.7727
303,28,2082,2978,0.245403,106.3571
304,27,2149,3012,0.261818,111.5556
305,31,2180,3074,0.230566,99.1613
306,26,1946,2843,0.244595,109.3462
307,28,1997,2806,0.232317,100.2143
308,45,2779,4158,0.200505,92.4
309,25,2084,2961,0.269773,118.44
310,25,1762,2604,0.227355,104.16
311,27,2395,3313,0.285221,122.7037
312,22,1309,1919,0.190705,87.2273
313,28,2251,3244,0.256846,115.8571
314,30,2540,3544,0.269639,118.1333
315,25,2156,3110,0.273778,124.4
316,28,1999,2842,0.225927,101.5
317,26,1930,2757,0.234166,106.0385
318,33,2564,3686,0.24433,111.697
319,23,1410,2121,0.192177,92.2174
320,28,1786,2635,0.19933,94.1071
321,22,1732,2437,0.245256,110.7727
322,25,1804,2698,0.224099,107.92
323,25,2276,3228,0.281858,129.12
324,22,1836,2659,0.257576,120.8636
325,31,2390,3534,0.237221,114.0
326,30,2372,3498,0.242536,116.6
327,29,1972,2873,0.207951,99.069
328,27,1963,2764,0.221658,102.3704
329,24,2363,3268,0.299265,136.1667
330,27,2258,3283,0.253423,121.5926
331,24,1424,2154,0.179255,89.75
332,37,3066,4249,0.249593,114.8378
333,17,1295,1849,0.228758,108.7647
334,23,1489,2296,0.19383,99.8261
335,27,1884,2642,0.208292,97.8519
336,18,1714,2343,0.283399,130.1667
337,23,1557,2302,0.200877,100.087
338,29,2189,3236,0.223322,111.5862
339,21,1626,2358,0.228403,112.2857
340,29,2062,3046,0.209128,105.0345
341,26,2237,3040,0.252312,116.9231
342,20,1426,2058,0.20848,102.9
343,28,1770,2692,0.184298,96.1429
344,24,1847,2703,0.223716,112.625
345,21,1739,2534,0.240028,120.6667
346,25,2052,2985,0.237225,119.4
347,16,1223,1747,0.220281,109.1875
348,27,2051,2987,0.218284,110.6296
349,18,1196,1850,0.190385,102.7778
350,23,1865,2700,0.231677,117.3913
351,26,2209,3290,0.242056,126.5385
352,30,2275,3397,0.215436,113.2333
353,23,1454,2142,0.179086,93.1304
354,15,962,1453,0.181168,96.8667
355,27,2437,3506,0.254251,129.8519
356,16,1041,1611,0.18276,100.6875
357,15,1217,1782,0.227264,118.8
358,19,1410,2096,0.207292,110.3158
359,17,1460,2044,0.239227,120.2353
360,17,1233,1819,0.201471,107.0
361,21,1866,2854,0.246142,135.9048
362,17,1204,1819,0.195645,107.0
363,20,1710,2494,0.235537,124.7
364,18,1328,1932,0.202686,107.3333
365,22,1904,2724,0.237111,123.8182
366,24,2460,3507,0.280055,146.125
367,18,1175,1807,0.177869,100.3889
368,11,804,1163,0.198617,105.7273
369,16,1163,1732,0.196985,108.25
370,22,1629,2618,0.200123,119.0
371,17,1447,2124,0.229428,124.9412
372,16,1018,1595,0.171035,99.6875
373,29,2116,3130,0.195618,107.931
374,9,528,833,0.156863,92.5556
375,23,1824,2732,0.211478,118.7826
376,24,1839,2737,0.20379,114.0417
377,17,1418,2164,0.221251,127.2941
378,27,2754,3894,0.269841,144.2222
379,20,1706,2580,0.225066,129.0
380,17,931,1469,0.144118,86.4118
381,11,570,898,0.136006,81.6364
382,15,931,1420,0.162478,94.6667
383,20,1438,2210,0.187728,110.5
384,16,1389,2078,0.226074,129.875
385,15,1068,1625,0.184935,108.3333
386,20,1789,2600,0.231736,130.0
387,14,1122,1650,0.207087,117.8571
388,16,1497,2158,0.24114,134.875
389,19,1514,2290,0.204844,120.5263
390,18,1672,2586,0.238177,143.6667
391,17,1203,1817,0.180984,106.8824
392,18,1481,2291,0.209892,127.2778
393,18,1409,2071,0.19918,115.0556
394,17,1611,2337,0.24052,137.4706
395,11,1203,1730,0.27687,157.2727
396,16,1660,2504,0.261995,156.5
397,14,901,1307,0.162109,93.3571
398,24,2306,3382,0.241415,140.9167
399,20,1797,2580,0.225188,129.0
400,13,1632,2244,0.313846,172.6154
401,10,590,899,0.147132,89.9
402,19,1633,2457,0.213799,129.3158
403,17,1324,2074,0.193256,122.0
404,11,869,1287,0.195545,117.0
405,17,1409,2082,0.204648,122.4706
406,15,1409,2085,0.231363,139.0
407,11,853,1293,0.190529,117.5455
408,10,947,1320,0.232108,132.0
409,15,1570,2244,0.255909,149.6
410,13,1033,1467,0.193809,112.8462
411,16,1174,1699,0.178528,106.1875
412,21,1474,2218,0.170365,105.619
413,18,1741,2652,0.234194,147.3333
414,13,1385,2006,0.257339,154.3077
415,20,1815,2601,0.218675,130.05
416,9,1120,1557,0.299145,173.0
417,13,1015,1618,0.187235,124.4615
418,7,551,829,0.188312,118.4286
419,7,1052,1419,0.358677,202.7143
420,13,1183,1699,0.216667,130.6923
421,15,1121,1679,0.177514,111.9333
422,11,956,1378,0.205946,125.2727
423,10,919,1393,0.217258,139.3
424,16,1400,1966,0.206368,122.875
425,11,788,1282,0.168556,116.5455
426,13,1291,1821,0.233117,140.0769
427,16,1489,2124,0.217945,132.75
428,10,1154,1659,0.269626,165.9
429,8,791,1108,0.230478,138.5
430,6,391,617,0.15155,102.8333
431,13,1097,1614,0.195788,124.1538
432,12,1197,1719,0.230903,143.25
433,17,1510,2191,0.205135,128.8824
434,6,457,739,0.175499,123.1667
435,10,690,1049,0.158621,104.9
436,9,949,1381,0.241845,153.4444
437,10,1093,1595,0.250114,159.5
438,14,1020,1481,0.166341,105.7857
439,14,1163,1660,0.189229,118.5714
440,10,698,1136,0.158636,113.6
441,15,1186,1767,0.179289,117.8
442,17,1029,1594,0.136944,93.7647
443,8,686,1024,0.193567,128.0
444,9,714,1078,0.178679,119.7778
445,10,367,600,0.082472,60.0
446,14,1478,2215,0.236707,158.2143
447,9,774,1210,0.192394,134.4444
448,6,702,988,0.261161,164.6667
449,12,1291,1882,0.239607,156.8333
450,19,1747,2526,0.204327,132.9474
451,9,948,1408,0.233555,156.4444
452,7,563,873,0.177939,124.7143
453,7,356,595,0.112267,85.0
454,6,656,999,0.240822,166.5
455,6,725,1027,0.265568,171.1667
456,8,387,641,0.106086,80.125
457,18,1767,2596,0.214807,144.2222
458,6,671,996,0.244178,166.0
459,10,711,1035,0.154902,103.5
460,4,455,664,0.247283,166.0
461,11,1330,1855,0.262276,168.6364
462,9,724,1028,0.174122,114.2222
463,9,790,1214,0.189585,134.8889
464,14,1790,2626,0.275554,187.5714
465,5,644,956,0.276989,191.2
466,10,764,1160,0.163948,116.0
467,6,809,1155,0.288722,192.5
468,14,1676,2497,0.2558,178.3571
469,8,503,775,0.134062,96.875
470,11,811,1301,0.156867,118.2727
471,8,697,1072,0.184979,134.0
472,8,770,1154,0.203919,144.25
473,8,515,814,0.136099,101.75
474,12,1108,1622,0.194796,135.1667
475,9,738,1118,0.172632,124.2222
476,3,313,470,0.219188,156.6667
477,8,663,1007,0.173742,125.875
478,10,1011,1457,0.211506,145.7
479,5,541,833,0.225887,166.6
480,4,348,531,0.18125,132.75
481,8,669,1108,0.173857,138.5
482,5,451,732,0.187137,146.4
483,10,831,1311,0.17205,131.1
484,9,1252,1724,0.28742,191.5556
485,9,987,1533,0.226117,170.3333
486,9,929,1346,0.212391,149.5556
487,13,1942,2691,0.306745,207.0
488,8,916,1386,0.234631,173.25
489,8,717,1063,0.183282,132.875
490,12,1137,1791,0.193367,149.25
491,7,615,950,0.178935,135.7143
492,8,711,988,0.18064,123.5
493,3,311,497,0.210277,165.6667
494,13,1855,2575,0.288851,198.0769
495,10,1201,1693,0.242626,169.3
496,4,453,635,0.228327,158.75
497,8,494,801,0.124245,100.125
498,18,1849,2706,0.20627,150.3333
499,10,692,1063,0.138677,106.3
500,10,932,1400,0.1864,140.0
501,6,375,628,0.12475,104.6667
502,11,933,1465,0.168961,133.1818
503,11,1071,1539,0.193566,139.9091
504,6,840,1202,0.277778,200.3333
505,10,1404,2009,0.27802,200.9
506,3,271,418,0.178524,139.3333
507,8,756,1231,0.186391,153.875
508,10,705,1168,0.13878,116.8
509,9,593,887,0.129448,98.5556
510,8,850,1212,0.208333,151.5
511,7,701,1033,0.195974,147.5714
512,10,1536,2226,0.3,222.6
513,8,872,1257,0.212476,157.125
514,4,344,556,0.167315,139.0
515,8,1000,1439,0.242718,179.875
516,14,1813,2601,0.250969,185.7857
517,10,1173,1841,0.226886,184.1
518,8,930,1385,0.224421,173.125
519,9,622,1073,0.133162,119.2222
520,8,867,1366,0.208413,170.75
521,6,902,1305,0.288548,217.5
522,5,474,683,0.181609,136.6
523,3,233,300,0.148502,100.0
524,7,738,1140,0.2012,162.8571
525,11,1710,2521,0.296104,229.1818
526,2,69,124,0.065589,62.0
527,6,778,1168,0.246047,194.6667
528,6,509,777,0.160669,129.5
529,4,447,609,0.211248,152.25
530,8,518,815,0.12217,101.875
531,4,538,798,0.253296,199.5
532,3,471,699,0.295113,233.0
533,13,1154,1773,0.166546,136.3846
534,9,1082,1465,0.225135,162.7778
535,11,1341,1992,0.227867,181.0909
536,7,557,943,0.148454,134.7143
537,6,767,1085,0.238051,180.8333
538,6,756,1100,0.234201,183.3333
539,10,1618,2234,0.300186,223.4
540,8,838,1320,0.193981,165.0
541,9,947,1364,0.194496,151.5556
542,10,844,1262,0.15572,126.2
543,8,972,1422,0.223757,177.75
544,7,524,775,0.137605,110.7143
545,5,433,714,0.158899,142.8
546,9,805,1328,0.163818,147.5556
547,5,497,765,0.181718,153.0
548,6,628,899,0.190998,149.8333
549,2,295,444,0.26867,222.0
550,8,1121,1694,0.254773,211.75
551,6,866,1249,0.261948,208.1667
552,5,607,845,0.219928,169.0
553,8,767,1266,0.173373,158.25
554,10,1017,1548,0.183574,154.8
555,6,611,953,0.183483,158.8333
556,3,230,322,0.13789,107.3333
557,7,721,1213,0.184919,173.2857
558,6,693,1022,0.206989,170.3333
559,5,587,941,0.210018,188.2
560,5,537,797,0.191786,159.4
561,8,1164,1693,0.259358,211.625
562,7,583,963,0.148195,137.5714
563,5,265,437,0.094139,87.4
564,4,313,513,0.138741,128.25
565,3,287,472,0.169322,157.3333
566,4,448,725,0.19788,181.25
567,7,562,870,0.141597,124.2857
568,2,393,557,0.345951,278.5
569,4,390,650,0.171353,162.5
570,5,468,711,0.164211,142.2
571,5,757,1107,0.265149,221.4
572,7,678,1016,0.169331,145.1429
573,4,500,775,0.21815,193.75
574,8,1051,1606,0.228876,200.75
575,7,1143,1689,0.283975,241.2857
576,3,379,602,0.219329,200.6667
577,4,518,812,0.224437,203.0
578,8,1058,1505,0.228806,188.125
579,4,509,758,0.219775,189.5
580,5,540,883,0.186207,176.6
581,7,1074,1562,0.264077,223.1429
582,1,61,98,0.104811,98.0
583,6,754,1146,0.215552,191.0
584,6,769,1200,0.219463,200.0
585,8,835,1344,0.178419,168.0
586,5,550,772,0.187713,154.4
587,4,732,1063,0.311755,265.75
588,8,981,1491,0.208546,186.375
589,2,388,533,0.329372,266.5
590,8,1345,1911,0.284958,238.875
591,8,803,1196,0.169839,149.5
592,4,345,532,0.145693,133.0
593,5,807,1184,0.272175,236.8
594,11,918,1517,0.140496,137.9091
595,6,434,665,0.121569,110.8333
596,4,502,754,0.21057,188.5
597,8,446,715,0.093384,89.375
598,7,778,1126,0.185858,160.8571
599,6,930,1394,0.258765,232.3333
600,7,905,1389,0.215476,198.4286
601,7,973,1449,0.231281,207.0
602,3,420,655,0.232558,218.3333
603,5,438,704,0.145274,140.8
604,4,681,1035,0.281871,258.75
605,7,695,1054,0.164109,150.5714
606,8,1014,1491,0.209158,186.375
607,4,650,1011,0.26771,252.75
608,5,568,858,0.186842,171.6
609,6,1135,1574,0.310619,262.3333
610,6,557,834,0.152186,139.0
611,3,518,735,0.282597,245.0
612,5,463,752,0.151307,150.4
613,1,68,122,0.11093,122.0
614,5,304,476,0.099023,95.2
615,5,880,1231,0.286179,246.2
616,4,340,551,0.137987,137.75
617,4,302,488,0.122366,122.0
618,6,187,341,0.050431,56.8333
619,2,328,480,0.264943,240.0
620,5,636,891,0.205161,178.2
621,5,729,1056,0.234783,211.2
622,7,883,1400,0.202802,200.0
623,6,1041,1542,0.278491,257.0
624,8,1263,1754,0.253005,219.25
625,2,333,550,0.2664,275.0
626,5,484,756,0.154633,151.2
627,5,486,769,0.155024,153.8
629,5,681,1056,0.216534,211.2
630,5,729,1091,0.231429,218.2
631,9,1193,1697,0.210072,188.5556
632,4,495,777,0.195807,194.25
633,4,518,802,0.204581,200.5
634,6,719,1120,0.189012,186.6667
635,4,446,747,0.175591,186.75
636,4,453,767,0.178066,191.75
637,10,1228,1906,0.192779,190.6
638,5,337,548,0.105643,109.6
639,7,788,1245,0.176168,177.8571
640,6,659,964,0.171615,160.6667
641,8,1077,1689,0.210023,211.125
642,5,580,865,0.180685,173.0
643,6,626,950,0.16226,158.3333
644,5,783,1193,0.243168,238.6
645,2,268,388,0.207752,194.0
646,3,461,737,0.237874,245.6667
647,4,787,1079,0.304096,269.75
648,3,437,655,0.224794,218.3333
649,3,121,233,0.062147,77.6667
650,4,519,808,0.199615,202.0
651,4,279,467,0.107143,116.75
652,6,775,1121,0.198108,186.8333
653,4,405,585,0.155054,146.25
654,2,505,684,0.386086,342.0
655,4,310,531,0.118321,132.75
656,1,75,125,0.114329,125.0
657,3,469,725,0.23795,241.6667
658,5,452,693,0.137386,138.6
659,3,438,624,0.221548,208.0
660,7,846,1321,0.183117,188.7143
661,6,786,1088,0.198185,181.3333
662,2,151,225,0.114048,112.5
663,7,871,1276,0.187675,182.2857
664,3,351,547,0.176205,182.3333
665,3,428,616,0.214536,205.3333
666,4,326,621,0.122372,155.25
667,2,196,290,0.146927,145.0
668,4,631,882,0.236153,220.5
669,3,366,528,0.182362,176.0
670,5,277,467,0.082687,93.4
671,4,626,884,0.233234,221.0
672,6,614,875,0.152282,145.8333
673,4,729,1127,0.270802,281.75
674,2,471,642,0.349407,321.0
675,3,401,539,0.198025,179.6667
676,7,918,1539,0.193998,219.8571
678,3,285,543,0.140118,181.0
679,4,303,492,0.111561,123.0
680,1,92,163,0.135294,163.0
681,3,275,437,0.134606,145.6667
682,4,403,675,0.147727,168.75
683,2,199,316,0.145681,158.0
684,1,96,162,0.140351,162.0
685,3,418,616,0.203406,205.3333
686,4,565,858,0.205904,214.5
687,1,45,70,0.065502,70.0
688,1,88,136,0.127907,136.0
689,2,156,239,0.113208,119.5
691,1,203,301,0.293777,301.0
692,3,264,434,0.127168,144.6667
693,5,879,1270,0.25368,254.0
694,1,10,12,0.014409,12.0
695,4,943,1253,0.339209,313.25
696,5,797,1165,0.229023,233.0
697,5,576,895,0.16528,179.0
698,3,415,660,0.198185,220.0
699,1,332,455,0.474964,455.0
701,2,87,189,0.062054,94.5
703,1,122,197,0.173542,197.0
704,1,0,4,0.0,4.0
705,1,169,253,0.239716,253.0
706,2,317,509,0.224504,254.5
707,2,221,350,0.156294,175.0
708,2,65,101,0.045904,50.5
709,2,218,336,0.153738,168.0
710,3,528,817,0.247887,272.3333
711,3,603,870,0.2827,290.0
712,4,780,1142,0.273876,285.5
713,3,452,734,0.211314,244.6667
714,5,557,917,0.156022,183.4
715,6,963,1405,0.224476,234.1667
716,1,40,74,0.055866,74.0
717,1,214,320,0.298466,320.0
718,4,477,774,0.166086,193.5
719,1,264,372,0.367177,372.0
720,1,48,85,0.066667,85.0
721,2,164,290,0.113731,145.0
722,4,365,647,0.126385,161.75
723,1,108,211,0.149378,211.0
724,3,311,489,0.143186,163.0
725,3,321,534,0.147586,178.0
726,4,306,432,0.105372,108.0
727,1,151,250,0.207703,250.0
728,3,482,760,0.220696,253.3333
729,4,726,1047,0.248971,261.75
730,4,457,736,0.156507,184.0
731,1,97,220,0.132695,220.0
732,2,447,647,0.305328,323.5
733,2,363,503,0.247613,251.5
734,3,223,403,0.101272,134.3333
735,2,250,411,0.170068,205.5
736,4,916,1310,0.311141,327.5
737,5,410,729,0.111262,145.8
738,4,399,566,0.135163,141.5
739,3,394,636,0.177718,212.0
740,2,349,560,0.235811,280.0
741,2,311,467,0.209852,233.5
742,7,1386,2027,0.266846,289.5714
743,4,642,880,0.216016,220.0
744,4,384,624,0.129032,156.0
745,2,223,346,0.149664,173.0
746,2,197,401,0.132038,200.5
747,3,372,576,0.165997,192.0
748,5,1317,1845,0.352139,369.0
749,4,210,380,0.070093,95.0
750,4,648,960,0.216,240.0
751,5,721,1132,0.192011,226.4
752,4,842,1177,0.27992,294.25
753,5,692,1086,0.183798,217.2
754,3,573,805,0.253316,268.3333
756,3,159,290,0.070106,96.6667
757,1,1,3,0.001321,3.0
758,2,364,558,0.240106,279.0
759,3,380,717,0.166886,239.0
760,5,260,416,0.068421,83.2
761,4,672,962,0.220762,240.5
762,3,405,614,0.177165,204.6667
763,1,90,187,0.117955,187.0
764,4,754,1109,0.246728,277.25
765,2,379,591,0.247712,295.5
766,2,513,717,0.334856,358.5
767,5,536,987,0.139765,197.4
768,2,313,451,0.203776,225.5
770,5,672,1195,0.174545,239.0
771,4,548,806,0.177691,201.5
772,4,514,797,0.166451,199.25
773,2,118,208,0.076326,104.0
775,4,715,1122,0.230645,280.5
776,1,122,188,0.157216,188.0
777,3,581,832,0.249249,277.3333
779,1,86,133,0.110398,133.0
780,1,408,536,0.523077,536.0
781,2,465,645,0.297695,322.5
782,2,158,250,0.101023,125.0
783,3,473,700,0.201362,233.3333
784,2,420,606,0.267857,303.0
785,2,370,538,0.235669,269.0
786,6,584,949,0.123834,158.1667
787,8,838,1444,0.1331,180.5
788,2,357,528,0.226523,264.0
789,2,128,179,0.081115,89.5
792,1,193,282,0.243687,282.0
793,4,832,1239,0.262295,309.75
794,4,658,1066,0.207179,266.5
795,1,194,267,0.244025,267.0
796,3,332,552,0.139028,184.0
797,5,432,778,0.108407,155.6
798,2,511,760,0.320175,380.0
799,1,282,422,0.352941,422.0
800,5,544,862,0.136,172.4
801,2,263,379,0.16417,189.5
802,2,536,762,0.334165,381.0
803,1,5,24,0.006227,24.0
804,1,132,268,0.164179,268.0
805,2,325,510,0.201863,255.0
806,4,647,967,0.200682,241.75
807,1,81,147,0.100372,147.0
808,4,385,592,0.119121,148.0
809,6,784,1214,0.161516,202.3333
810,2,388,626,0.239506,313.0
811,1,420,555,0.517879,555.0
812,2,63,134,0.038793,67.0
813,1,4,24,0.00492,24.0
814,1,261,342,0.320639,342.0
815,2,322,455,0.197546,227.5
816,2,157,235,0.096201,117.5
817,1,88,156,0.107711,156.0
818,1,176,248,0.215159,248.0
819,1,267,405,0.326007,405.0
820,3,299,503,0.121545,167.6667
821,2,225,416,0.137028,208.0
822,1,239,315,0.290754,315.0
823,3,506,728,0.204941,242.6667
824,1,324,425,0.393204,425.0
825,1,284,432,0.344242,432.0
826,2,231,389,0.139831,194.5
827,3,439,716,0.176945,238.6667
828,2,300,453,0.181159,226.5
829,1,242,357,0.291918,357.0
830,3,697,997,0.27992,332.3333
831,2,412,595,0.247894,297.5
832,2,359,538,0.215745,269.0
833,4,676,976,0.202881,244.0
834,1,207,340,0.248201,340.0
835,1,55,88,0.065868,88.0
836,2,135,224,0.080742,112.0
837,3,462,625,0.18399,208.3333
838,2,353,517,0.210621,258.5
839,1,34,59,0.040524,59.0
840,1,235,339,0.279762,339.0
841,2,551,827,0.327586,413.5
843,1,139,206,0.164887,206.0
844,4,760,1145,0.225118,286.25
845,2,436,687,0.257988,343.5
846,1,137,219,0.161939,219.0
847,3,681,949,0.268005,316.3333
848,2,255,481,0.150354,240.5
849,2,141,237,0.083039,118.5
850,2,215,370,0.126471,185.0
852,3,105,209,0.04108,69.6667
853,2,319,573,0.186987,286.5
854,2,228,366,0.133489,183.0
856,2,250,373,0.146028,186.5
857,1,5,27,0.005834,27.0
858,3,534,779,0.207459,259.6667
859,1,104,171,0.121071,171.0
860,2,391,565,0.227326,282.5
861,1,6,11,0.006969,11.0
862,2,331,491,0.191995,245.5
863,1,3,28,0.003476,28.0
864,1,223,298,0.258102,298.0
865,1,62,119,0.071676,119.0
866,2,431,730,0.248845,365.0
867,1,105,241,0.121107,241.0
869,3,222,407,0.085155,135.6667
870,4,637,1010,0.183046,252.5
871,2,410,627,0.235362,313.5
875,2,648,938,0.370286,469.0
876,1,63,110,0.071918,110.0
877,1,123,211,0.140251,211.0
879,1,95,173,0.108077,173.0
880,1,145,243,0.164773,243.0
882,2,322,487,0.18254,243.5
883,4,1014,1492,0.287089,373.0
884,1,364,512,0.411765,512.0
886,2,478,699,0.269752,349.5
888,1,247,357,0.278153,357.0
890,5,808,1236,0.181573,247.2
891,2,322,483,0.180696,241.5
892,2,309,469,0.173206,234.5
893,1,276,357,0.309071,357.0
894,2,348,571,0.194631,285.5
895,2,252,434,0.140782,217.0
896,1,124,207,0.138393,207.0
897,1,8,18,0.008919,18.0
898,1,333,421,0.370824,421.0
899,1,185,255,0.205784,255.0
900,1,77,106,0.085556,106.0
901,1,173,309,0.192009,309.0
902,4,982,1452,0.272173,363.0
903,3,333,593,0.122924,197.6667
904,1,108,192,0.119469,192.0
905,1,86,146,0.095028,146.0
906,1,241,313,0.266004,313.0
907,1,296,427,0.326351,427.0
908,1,431,574,0.47467,574.0
909,1,79,118,0.086909,118.0
911,1,22,42,0.024149,42.0
913,2,471,720,0.257941,360.0
914,1,173,279,0.189278,279.0
916,3,405,684,0.14738,228.0
919,2,515,709,0.280196,354.5
921,1,435,611,0.472313,611.0
922,2,255,425,0.138286,212.5
923,1,9,14,0.009751,14.0
925,2,357,594,0.192973,297.0
926,3,438,629,0.157667,209.6667
927,2,230,501,0.124056,250.5
928,1,327,483,0.352371,483.0
929,2,665,922,0.357912,461.0
930,1,49,84,0.052688,84.0
931,4,630,983,0.169173,245.75
933,2,316,484,0.169346,242.0
935,1,95,143,0.101604,143.0
938,1,63,95,0.067164,95.0
939,3,397,594,0.14093,198.0
940,2,712,955,0.378723,477.5
943,1,345,468,0.365854,468.0
944,2,254,488,0.134534,244.0
945,1,5,8,0.005291,8.0
946,1,109,179,0.115222,179.0
947,1,288,432,0.304118,432.0
948,1,73,131,0.077004,131.0
949,1,76,141,0.080084,141.0
953,3,700,1078,0.244841,359.3333
954,1,273,431,0.286164,431.0
955,1,58,93,0.060733,93.0
956,1,171,302,0.17887,302.0
957,3,348,572,0.121212,190.6667
958,2,333,529,0.1738,264.5
960,2,186,326,0.096875,163.0
962,2,213,380,0.110707,190.0
965,2,215,374,0.111399,187.0
966,2,313,571,0.162008,285.5
967,3,256,435,0.088245,145.0
968,2,469,677,0.242252,338.5
970,3,670,904,0.230241,301.3333
971,2,227,372,0.11689,186.0
972,1,54,90,0.055556,90.0
973,3,713,1055,0.244262,351.6667
974,1,85,155,0.087269,155.0
975,3,1090,1483,0.37265,494.3333
977,1,127,229,0.12999,229.0
978,1,275,407,0.281186,407.0
979,1,6,25,0.006129,25.0
980,1,141,232,0.143878,232.0
982,3,435,745,0.147658,248.3333
988,1,198,318,0.200405,318.0
991,2,58,96,0.029263,48.0
992,1,333,445,0.335685,445.0
993,2,481,687,0.242195,343.5
995,2,131,222,0.065829,111.0
996,1,169,286,0.169679,286.0
998,1,117,198,0.117234,198.0
999,3,822,1128,0.274274,376.0
1000,1,273,396,0.273,396.0
1001,1,133,212,0.132867,212.0
1004,1,110,175,0.109562,175.0
1005,1,121,175,0.120398,175.0
1007,4,424,662,0.105263,165.5
1008,2,300,529,0.14881,264.5
1009,1,308,456,0.305253,456.0
1011,1,101,184,0.099901,184.0
1013,3,696,964,0.229023,321.3333
1016,2,478,769,0.235236,384.5
1019,2,182,350,0.089303,175.0
1021,4,732,1181,0.179236,295.25
1022,1,340,484,0.332681,484.0
1023,1,181,327,0.176931,327.0
1024,1,82,212,0.080078,212.0
1025,1,270,378,0.263415,378.0
1026,3,544,872,0.176738,290.6667
1027,1,183,285,0.178189,285.0
1030,1,246,327,0.238835,327.0
1031,2,546,844,0.264791,422.0
1032,1,195,277,0.188953,277.0
1033,1,27,56,0.026137,56.0
1034,4,776,1260,0.187621,315.0
1037,2,490,765,0.236258,382.5
1038,1,140,223,0.134875,223.0
1041,2,739,1115,0.354947,557.5
1042,1,2,21,0.001919,21.0
1044,2,339,518,0.162356,259.0
1045,1,206,322,0.197129,322.0
1047,2,347,537,0.165712,268.5
1048,2,296,491,0.141221,245.5
1051,1,163,236,0.15509,236.0
1053,2,224,390,0.106363,195.0
1058,1,262,416,0.247637,416.0
1059,1,149,249,0.140699,249.0
1060,2,201,313,0.094811,156.5
1062,1,341,505,0.321092,505.0
1066,1,179,312,0.167917,312.0
1067,1,334,494,0.313027,494.0
1068,1,344,489,0.322097,489.0
1069,3,301,616,0.093857,205.3333
1070,1,139,245,0.129907,245.0
1072,2,137,216,0.063899,108.0
1075,2,260,484,0.12093,242.0
1076,1,204,316,0.189591,316.0
1079,1,277,454,0.256719,454.0
1081,1,198,266,0.183164,266.0
1082,2,203,363,0.093808,181.5
1085,3,925,1409,0.284178,469.6667
1086,1,188,336,0.173112,336.0
1088,1,143,232,0.131434,232.0
1090,1,126,168,0.115596,168.0
1091,1,82,140,0.07516,140.0
1093,1,28,37,0.025618,37.0
1095,1,30,51,0.027397,51.0
1097,1,100,159,0.091158,159.0
1099,1,258,439,0.234759,439.0
1101,1,274,420,0.248865,420.0
1104,1,75,136,0.067935,136.0
1107,1,280,435,0.252936,435.0
1108,2,210,357,0.094765,178.5
1110,1,123,186,0.110811,186.0
1111,1,11,14,0.009901,14.0
1112,2,416,655,0.18705,327.5
1113,2,607,914,0.272686,457.0
1114,1,188,315,0.168761,315.0
1115,3,789,1228,0.235874,409.3333
1118,3,120,231,0.035778,77.0
1120,2,381,617,0.170089,308.5
1121,1,138,212,0.123104,212.0
1124,1,188,369,0.16726,369.0
1126,1,272,408,0.241563,408.0
1127,1,191,337,0.169476,337.0
1134,1,352,548,0.310406,548.0
1137,1,457,649,0.401935,649.0
1138,1,110,174,0.096661,174.0
1140,2,547,758,0.239912,379.0
1141,1,89,205,0.078002,205.0
1142,2,425,685,0.186077,342.5
1146,1,340,542,0.296684,542.0
1147,1,349,521,0.304272,521.0
1148,2,298,588,0.129791,294.0
1149,1,235,423,0.204526,423.0
1151,1,342,518,0.297133,518.0
1152,1,145,255,0.125868,255.0
1154,2,52,97,0.02253,48.5
1155,2,183,364,0.079221,182.0
1158,1,308,487,0.265976,487.0
1161,2,818,1195,0.352283,597.5
1162,1,208,354,0.179002,354.0
1165,1,94,164,0.080687,164.0
1166,2,256,451,0.109777,225.5
1168,1,152,247,0.130137,247.0
1169,1,158,338,0.135158,338.0
1171,3,606,987,0.172502,329.0
1172,1,223,312,0.190273,312.0
1173,1,346,489,0.29497,489.0
1174,2,119,164,0.050681,82.0
1175,2,246,442,0.104681,221.0
1176,1,371,513,0.315476,513.0
1179,1,100,158,0.084818,158.0
1180,1,162,264,0.137288,264.0
1181,1,44,58,0.037257,58.0
1182,1,57,92,0.048223,92.0
1184,1,188,321,0.158784,321.0
1185,1,423,615,0.356962,615.0
1186,2,460,642,0.193929,321.0
1187,2,587,813,0.247262,406.5
1189,1,219,355,0.184188,355.0
1190,2,439,724,0.184454,362.0
1194,1,357,491,0.298995,491.0
1196,1,384,591,0.32107,591.0
1197,1,359,480,0.299916,480.0
1200,1,166,296,0.138333,296.0
1205,3,660,1042,0.182573,347.3333
1206,1,175,349,0.145108,349.0
1209,2,193,310,0.079818,155.0
1212,1,139,263,0.114686,263.0
1213,1,262,459,0.215993,459.0
1220,1,77,123,0.063115,123.0
1223,1,93,149,0.076043,149.0
1224,1,93,142,0.07598,142.0
1227,2,189,268,0.077017,134.0
1233,1,466,629,0.37794,629.0
1234,3,822,1252,0.222042,417.3333
1237,2,124,219,0.050121,109.5
1239,1,452,616,0.36481,616.0
1240,1,12,14,0.009677,14.0
1241,1,122,214,0.098308,214.0
1247,1,167,287,0.133921,287.0
1249,2,306,471,0.122498,235.5
1254,2,84,164,0.033493,82.0
1255,1,186,262,0.148207,262.0
1256,2,875,1217,0.348328,608.5
1259,1,141,274,0.111994,274.0
1262,1,234,314,0.18542,314.0
1265,2,341,506,0.134783,253.0
1266,1,136,216,0.107425,216.0
1267,1,241,354,0.190213,354.0
1268,1,78,121,0.061514,121.0
1270,2,454,758,0.17874,379.0
1271,1,557,786,0.438238,786.0
1274,1,74,152,0.058085,152.0
1275,1,170,242,0.133333,242.0
1276,2,599,987,0.234718,493.5
1278,1,332,503,0.259781,503.0
1280,1,489,715,0.382031,715.0
1281,2,604,925,0.235753,462.5
1282,1,446,647,0.347894,647.0
1284,1,132,210,0.102804,210.0
1286,1,233,292,0.181182,292.0
1287,1,316,446,0.245532,446.0
1295,1,193,314,0.149035,314.0
1298,2,460,711,0.177196,355.5
1299,2,549,892,0.211316,446.0
1303,1,351,547,0.269378,547.0
1304,2,637,1061,0.244248,530.5
1305,2,708,1056,0.271264,528.0
1307,1,33,61,0.025249,61.0
1308,1,205,336,0.156728,336.0
1311,1,318,545,0.242563,545.0
1315,1,344,571,0.261597,571.0
1316,3,671,1203,0.169959,401.0
1317,1,301,433,0.22855,433.0
1319,2,353,555,0.133813,277.5
1321,1,347,498,0.26268,498.0
1323,1,15,21,0.011338,21.0
1324,1,218,438,0.164653,438.0
1326,1,123,205,0.09276,205.0
1327,1,114,179,0.085908,179.0
1330,2,123,201,0.046241,100.5
1335,1,429,714,0.321348,714.0
1339,1,183,386,0.136669,386.0
1342,1,251,433,0.187034,433.0
1345,1,122,222,0.090706,222.0
1346,1,71,100,0.052749,100.0
1349,1,81,141,0.060044,141.0
1356,1,198,381,0.146018,381.0
1357,1,557,770,0.410464,770.0
1359,1,234,382,0.172185,382.0
1365,3,767,1221,0.187302,407.0
1367,1,134,230,0.098025,230.0
1372,1,480,722,0.349854,722.0
1373,1,66,86,0.04807,86.0
1374,1,85,162,0.061863,162.0
1375,1,497,755,0.361455,755.0
1377,1,141,218,0.102397,218.0
1378,1,71,93,0.051524,93.0
1386,1,223,334,0.160895,334.0
1388,1,417,587,0.300432,587.0
1389,1,360,529,0.259179,529.0
1390,2,385,711,0.138489,355.5
1401,1,262,399,0.187009,399.0
1402,1,89,152,0.063481,152.0
1403,1,172,304,0.122594,304.0
1407,1,464,764,0.32978,764.0
1408,1,383,630,0.272017,630.0
1409,1,183,348,0.129879,348.0
1412,2,585,883,0.207153,441.5
1418,2,381,689,0.134344,344.5
1419,1,106,235,0.0747,235.0
1424,1,56,88,0.039326,88.0
1427,1,356,474,0.249474,474.0
1429,1,540,779,0.377887,779.0
1431,1,244,337,0.17051,337.0
1440,1,63,112,0.04375,112.0
1441,1,103,163,0.071478,163.0
1443,1,254,361,0.176022,361.0
1446,1,227,368,0.156985,368.0
1447,2,309,527,0.106773,263.5
1449,1,109,212,0.075224,212.0
1451,2,497,754,0.171261,377.0
1455,1,144,264,0.098969,264.0
1457,1,130,206,0.089224,206.0
1463,1,12,21,0.008202,21.0
1465,1,602,887,0.410922,887.0
1466,1,27,50,0.018417,50.0
1471,1,542,823,0.368457,823.0
1473,1,377,586,0.25594,586.0
1476,1,6,28,0.004065,28.0
1477,1,195,319,0.132024,319.0
1479,1,218,326,0.147397,326.0
1481,1,223,338,0.150574,338.0
1482,1,187,309,0.126181,309.0
1484,1,225,338,0.151617,338.0
1485,2,504,821,0.169697,410.5
1492,1,122,214,0.081769,214.0
1494,1,374,546,0.250335,546.0
1495,1,151,287,0.101003,287.0
1497,1,51,77,0.034068,77.0
1503,1,525,802,0.349301,802.0
1504,1,585,868,0.388963,868.0
1505,1,28,47,0.018605,47.0
1506,1,391,649,0.259628,649.0
1511,1,174,259,0.115156,259.0
1512,1,261,455,0.172619,455.0
1514,1,199,370,0.13144,370.0
1521,1,361,631,0.237344,631.0
1526,1,539,809,0.353211,809.0
1537,2,218,374,0.070917,187.0
1540,1,261,514,0.169481,514.0
1544,1,51,87,0.033031,87.0
1548,1,337,499,0.2177,499.0
1549,1,532,774,0.343447,774.0
1550,1,142,267,0.091613,267.0
1551,2,446,785,0.143778,392.5
1553,1,91,197,0.058596,197.0
1557,1,21,31,0.013487,31.0
1563,1,160,340,0.102367,340.0
1564,2,328,661,0.104859,330.5
1568,1,327,469,0.208546,469.0
1570,1,379,618,0.241401,618.0
1574,1,298,498,0.189327,498.0
1575,1,183,361,0.11619,361.0
1576,1,357,614,0.226523,614.0
1580,1,397,651,0.251266,651.0
1581,1,162,374,0.102467,374.0
1582,1,12,18,0.007585,18.0
1586,1,346,573,0.218159,573.0
1597,1,236,359,0.147777,359.0
1599,1,471,774,0.294559,774.0
1610,1,255,418,0.158385,418.0
1614,2,327,597,0.101301,298.5
1615,1,281,459,0.173994,459.0
1624,2,375,645,0.115456,322.5
1625,1,347,614,0.213538,614.0
1642,1,157,295,0.095615,295.0
1645,1,393,564,0.238906,564.0
1647,1,434,696,0.263509,696.0
1650,1,194,391,0.117576,391.0
1658,1,40,141,0.024125,141.0
1663,1,184,286,0.110643,286.0
1665,1,186,362,0.111712,362.0
1666,2,342,542,0.102641,271.0
1669,1,222,332,0.133014,332.0
1670,1,262,437,0.156886,437.0
1678,1,423,614,0.252086,614.0
1679,1,419,706,0.249553,706.0
1692,1,183,306,0.108156,306.0
1693,1,155,246,0.091553,246.0
1697,1,402,684,0.236889,684.0
1700,2,433,648,0.127353,324.0
1705,2,840,1345,0.246334,672.5
1708,2,536,921,0.156909,460.5
1711,1,431,723,0.251899,723.0
1719,1,118,210,0.068645,210.0
1728,1,159,312,0.092014,312.0
1730,1,55,85,0.031792,85.0
1732,1,234,441,0.135104,441.0
1735,1,146,307,0.08415,307.0
1739,1,316,581,0.181714,581.0
1748,1,195,376,0.111556,376.0
1778,1,365,634,0.205287,634.0
1783,1,207,363,0.116096,363.0
1787,1,66,127,0.036933,127.0
1791,1,311,537,0.173646,537.0
1798,1,455,665,0.253059,665.0
1799,1,390,718,0.216787,718.0
1800,1,257,492,0.142778,492.0
1801,1,234,438,0.129928,438.0
1805,2,484,776,0.134072,388.0
1806,1,3,13,0.001661,13.0
1807,1,556,832,0.307692,832.0
1808,1,150,272,0.082965,272.0
1820,2,385,577,0.105769,288.5
1824,1,253,457,0.138706,457.0
1826,1,354,509,0.193866,509.0
1832,2,616,934,0.168122,467.0
1840,2,186,266,0.050543,133.0
1847,1,52,70,0.028154,70.0
1848,1,135,218,0.073052,218.0
1852,1,208,439,0.112311,439.0
1860,2,752,1198,0.202151,599.0
1866,1,72,121,0.038585,121.0
1869,1,604,905,0.323167,905.0
1883,1,210,384,0.111524,384.0
1884,1,388,698,0.205945,698.0
1890,1,200,336,0.10582,336.0
1891,1,341,570,0.180328,570.0
1895,1,181,312,0.095515,312.0
1900,1,360,619,0.189474,619.0
1901,1,81,151,0.042609,151.0
1902,1,107,153,0.056257,153.0
1903,1,183,300,0.096164,300.0
1907,1,185,297,0.097011,297.0
1911,1,212,303,0.110937,303.0
1916,1,62,135,0.032359,135.0
1917,1,234,503,0.122066,503.0
1930,1,453,721,0.234715,721.0
1940,1,17,30,0.008763,30.0
1951,1,456,615,0.233726,615.0
1954,1,478,784,0.244626,784.0
1956,1,41,75,0.020961,75.0
1960,1,502,794,0.256122,794.0
1966,1,446,777,0.226857,777.0
1973,1,252,417,0.127724,417.0
1975,1,487,677,0.246582,677.0
1976,1,276,606,0.139676,606.0
1978,1,203,327,0.102629,327.0
1981,1,346,488,0.174659,488.0
1987,1,97,147,0.048817,147.0
1992,1,277,483,0.139056,483.0
1997,1,11,25,0.005508,25.0
1999,1,195,304,0.097549,304.0
2000,1,179,279,0.0895,279.0
2004,1,363,494,0.181138,494.0
2010,1,369,604,0.183582,604.0
2015,2,830,1415,0.205955,707.5
2018,1,20,30,0.009911,30.0
2024,1,190,302,0.093874,302.0
2033,1,17,81,0.008362,81.0
2050,1,202,366,0.098537,366.0
2052,1,335,478,0.163255,478.0
2057,1,207,321,0.100632,321.0
2068,1,136,233,0.065764,233.0
2079,1,151,239,0.072631,239.0
2090,1,35,159,0.016746,159.0
2099,1,293,409,0.13959,409.0
2102,1,19,33,0.009039,33.0
2107,1,212,348,0.100617,348.0
2113,1,172,442,0.081401,442.0
2118,1,299,454,0.141171,454.0
2119,1,271,478,0.127891,478.0
2120,2,661,1005,0.155896,502.5
2126,1,182,297,0.085607,297.0
2128,1,95,263,0.044643,263.0
2130,1,406,722,0.19061,722.0
2147,1,158,297,0.073591,297.0
2157,1,400,701,0.185443,701.0
2160,1,235,427,0.108796,427.0
2190,1,84,119,0.038356,119.0
2209,1,32,138,0.014486,138.0
2215,2,1063,1762,0.239955,881.0
2232,1,615,966,0.275538,966.0
2233,1,136,272,0.060905,272.0
2239,2,487,1005,0.108754,502.5
2248,1,684,1080,0.30427,1080.0
2251,1,25,83,0.011106,83.0
2255,1,362,626,0.160532,626.0
2257,1,202,370,0.089499,370.0
2260,1,120,250,0.053097,250.0
2262,1,580,984,0.25641,984.0
2269,1,449,755,0.197885,755.0
2273,1,275,466,0.120985,466.0
2277,1,207,336,0.090909,336.0
2278,1,251,410,0.110184,410.0
2281,1,479,861,0.209996,861.0
2287,1,387,668,0.169217,668.0
2288,1,136,226,0.059441,226.0
2290,1,105,195,0.045852,195.0
2295,1,23,39,0.010022,39.0
2300,1,83,123,0.036087,123.0
2307,1,133,196,0.057651,196.0
2311,1,155,291,0.067071,291.0
2316,1,304,540,0.131261,540.0
2321,1,42,53,0.018096,53.0
2325,1,225,363,0.096774,363.0
2352,1,197,464,0.083759,464.0
2357,1,752,1094,0.31905,1094.0
2381,1,238,337,0.099958,337.0
2407,1,151,278,0.062734,278.0
2409,1,155,423,0.064342,423.0
2412,1,498,911,0.206468,911.0
2415,1,26,35,0.010766,35.0
2420,1,195,349,0.080579,349.0
2430,1,361,526,0.14856,526.0
2441,1,168,311,0.068824,311.0
2443,1,285,579,0.11666,579.0
2446,1,189,408,0.077269,408.0
2490,1,682,1107,0.273896,1107.0
2512,1,113,228,0.044984,228.0
2514,1,510,877,0.202864,877.0
2526,1,42,112,0.016627,112.0
2545,1,153,257,0.060118,257.0
2547,1,169,293,0.066353,293.0
2554,1,295,522,0.115505,522.0
2582,1,33,48,0.012781,48.0
2587,2,456,805,0.088133,402.5
2588,1,70,117,0.027048,117.0
2615,1,421,749,0.160994,749.0
2652,1,293,631,0.110483,631.0
2692,1,141,258,0.052377,258.0
2696,1,21,112,0.007789,112.0
2728,1,134,244,0.04912,244.0
2755,1,467,772,0.16951,772.0
2764,1,6,11,0.002171,11.0
2768,1,126,317,0.04552,317.0
2769,1,446,893,0.161069,893.0
2782,1,321,575,0.115385,575.0
2789,1,505,909,0.181068,909.0
2797,1,129,237,0.046121,237.0
2802,1,615,1020,0.219486,1020.0
2828,1,268,595,0.094767,595.0
2835,1,11,15,0.00388,15.0
2861,1,506,974,0.176861,974.0
2862,1,145,288,0.050664,288.0
2897,1,335,518,0.115637,518.0
2899,1,452,694,0.155916,694.0
2909,1,180,399,0.061877,399.0
2914,1,520,923,0.178449,923.0
2934,1,141,250,0.048057,250.0
2942,1,0,1,0.0,1.0
2944,1,257,376,0.087296,376.0
2973,1,25,131,0.008409,131.0
2974,1,72,126,0.02421,126.0
3003,1,576,1065,0.191808,1065.0
3020,1,709,1297,0.234768,1297.0
3026,1,532,845,0.17581,845.0
3043,1,122,241,0.040092,241.0
3060,1,432,849,0.141176,849.0
3091,1,284,516,0.09188,516.0
3093,1,526,1004,0.170061,1004.0
3110,1,0,4,0.0,4.0
3111,1,226,461,0.072645,461.0
3146,1,0,5,0.0,5.0
3168,1,258,648,0.081439,648.0
3197,1,356,738,0.111354,738.0
3204,1,534,944,0.166667,944.0
3215,1,219,396,0.068118,396.0
3230,1,182,382,0.056347,382.0
3249,1,194,364,0.059711,364.0
3286,1,88,157,0.02678,157.0
3334,1,388,826,0.116377,826.0
3343,1,559,1128,0.167215,1128.0
3350,1,467,761,0.139403,761.0
3380,1,686,1258,0.202959,1258.0
3383,1,661,1232,0.195389,1232.0
3434,1,313,687,0.091147,687.0
3458,1,241,418,0.069693,418.0
3465,1,809,1415,0.233478,1415.0
3466,1,148,244,0.042701,244.0
3545,1,11,100,0.003103,100.0
3564,1,254,408,0.071268,408.0
3588,1,419,760,0.116778,760.0
3590,1,629,1260,0.175209,1260.0
3606,1,253,433,0.070161,433.0
3673,1,596,1131,0.162265,1131.0
3757,1,227,501,0.060421,501.0
3787,1,57,190,0.015051,190.0
3793,1,204,385,0.053783,385.0
3834,1,17,103,0.004434,103.0
3914,1,203,400,0.051865,400.0
3965,1,193,423,0.048676,423.0
4211,1,286,697,0.067917,697.0
4320,1,604,934,0.139815,934.0
4335,1,652,1196,0.150404,1196.0
4370,1,18,121,0.004119,121.0
4399,1,250,621,0.056831,621.0
4459,1,544,972,0.122,972.0
4481,1,61,98,0.013613,98.0
4512,1,28,39,0.006206,39.0
4519,1,77,162,0.017039,162.0
4539,1,279,690,0.061467,690.0
4720,1,253,564,0.053602,564.0
4849,1,380,628,0.078367,628.0
4858,1,518,981,0.106628,981.0
4891,1,391,616,0.079943,616.0
4943,1,6,115,0.001214,115.0
4974,1,247,567,0.049658,567.0
5111,1,709,1346,0.13872,1346.0
5343,1,178,225,0.033315,225.0
5488,1,38,88,0.006924,88.0
5667,1,158,309,0.027881,309.0
5709,1,112,166,0.019618,166.0
5736,1,770,1656,0.13424,1656.0
5860,1,13,48,0.002218,48.0
6107,1,394,771,0.064516,771.0
6125,1,299,886,0.048816,886.0
6308,1,266,665,0.042169,665.0
7122,1,748,1598,0.105027,1598.0
7183,1,506,1038,0.070444,1038.0
8579,1,325,625,0.037883,625.0
9519,1,1107,2236,0.116294,2236.0
9524,1,414,776,0.043469,776.0
9527,1,437,846,0.04587,846.0
9848,1,626,1283,0.063566,1283.0
9978,1,447,907,0.044799,907.0
9990,1,267,887,0.026727,887.0
10266,1,975,2255,0.094974,2255.0
10360,1,276,625,0.026641,625.0
10655,1,68,134,0.006382,134.0
10732,1,593,1396,0.055255,1396.0
11187,1,1114,2831,0.09958,2831.0
12114,1,748,1517,0.061747,1517.0
12197,1,962,2477,0.078872,2477.0
12302,1,740,1326,0.060153,1326.0
12469,1,432,1027,0.034646,1027.0
20225,1,638,1479,0.031545,1479.0
25135,1,351,502,0.013965,502.0
26306,1,13,52,0.000494,52.0
41735,1,10,53,0.00024,53.0
44227,1,240,498,0.005427,498.0
71147,1,153,894,0.00215,894.0
