run,seed,module,logical_2R,mult,final_gap,collision,occupancy
tbl_10_bigram_fixed,42,bigram,163840,10,0.2086,0.9768,1.0
tbl_10_both_fixed,42,both,163840,10,0.3238,0.9768,1.0
tbl_10_trigram_fixed,42,trigram,163840,10,0.3351,0.9768,1.0
tbl_12_bigram_fixed,42,bigram,196608,12,0.2223,0.9722,1.0
tbl_12_bigram_s43_fixed,43,bigram,196608,12,0.2128,0.9722,1.0
tbl_12_bigram_s44_fixed,44,bigram,196608,12,0.2265,0.9722,1.0
tbl_12_both_fixed,42,both,196608,12,0.4594,0.9722,1.0
tbl_12_both_s43_fixed,43,both,196608,12,0.3872,0.9722,1.0
tbl_12_both_s44_fixed,44,both,196608,12,0.4536,0.9722,1.0
tbl_12_trigram_fixed,42,trigram,196608,12,0.2897,0.9722,1.0
tbl_12_trigram_s43_fixed,43,trigram,196608,12,0.3714,0.9722,1.0
tbl_12_trigram_s44_fixed,44,trigram,196608,12,0.2879,0.9722,1.0
tbl_14_bigram_fixed,42,bigram,229376,14,0.2776,0.9676,1.0
tbl_14_both_fixed,42,both,229376,14,0.4324,0.9676,1.0
tbl_14_trigram_fixed,42,trigram,229376,14,0.3294,0.9676,1.0
tbl_16_bigram_fixed,42,bigram,262144,16,0.2663,0.963,1.0
tbl_16_bigram_s43_fixed,43,bigram,262144,16,0.2703,0.963,1.0
tbl_16_bigram_s44_fixed,44,bigram,262144,16,0.2497,0.963,1.0
tbl_16_both_fixed,42,both,262144,16,0.5429,0.963,1.0
tbl_16_both_s43_fixed,43,both,262144,16,0.8503,0.963,1.0
tbl_16_both_s44_fixed,44,both,262144,16,0.507,0.963,1.0
tbl_16_trigram_fixed,42,trigram,262144,16,0.3569,0.963,1.0
tbl_16_trigram_s43_fixed,43,trigram,262144,16,0.3722,0.963,1.0
tbl_16_trigram_s44_fixed,44,trigram,262144,16,0.3615,0.963,1.0
tbl_18_bigram_fixed,42,bigram,294912,18,0.2591,0.9583,1.0
tbl_18_both_fixed,42,both,294912,18,0.5714,0.9583,1.0
tbl_18_trigram_fixed,42,trigram,294912,18,0.4364,0.9583,1.0
tbl_1_bigram_fixed,42,bigram,16384,1,0.0914,0.9977,1.0
tbl_1_bigram_s43_fixed,43,bigram,16384,1,0.0683,0.9977,1.0
tbl_1_bigram_s44_fixed,44,bigram,16384,1,0.0723,0.9977,1.0
tbl_1_both_fixed,42,both,16384,1,0.0983,0.9977,1.0
tbl_1_both_s43_fixed,43,both,16384,1,0.0791,0.9977,1.0
tbl_1_both_s44_fixed,44,both,16384,1,0.0994,0.9977,1.0
tbl_1_trigram_fixed,42,trigram,16384,1,0.0686,0.9977,1.0
tbl_1_trigram_s43_fixed,43,trigram,16384,1,0.0517,0.9977,1.0
tbl_1_trigram_s44_fixed,44,trigram,16384,1,0.0723,0.9977,1.0
tbl_20_bigram_fixed,42,bigram,327680,20,0.4594,0.9537,1.0
tbl_20_both_fixed,42,both,327680,20,0.7584,0.9537,1.0
tbl_20_trigram_fixed,42,trigram,327680,20,0.4801,0.9537,1.0
tbl_24_bigram_fixed,42,bigram,393216,24,0.3386,0.9444,1.0
tbl_24_bigram_s43_fixed,43,bigram,393216,24,0.2871,0.9444,1.0
tbl_24_bigram_s44_fixed,44,bigram,393216,24,0.5154,0.9444,1.0
tbl_24_both_fixed,42,both,393216,24,0.557,0.9444,1.0
tbl_24_both_s43_fixed,43,both,393216,24,0.6096,0.9444,1.0
tbl_24_both_s44_fixed,44,both,393216,24,0.6664,0.9444,1.0
tbl_24_trigram_fixed,42,trigram,393216,24,0.4962,0.9444,1.0
tbl_24_trigram_s43_fixed,43,trigram,393216,24,0.5167,0.9444,1.0
tbl_24_trigram_s44_fixed,44,trigram,393216,24,0.5474,0.9444,1.0
tbl_28_bigram_fixed,42,bigram,458752,28,0.3239,0.9352,1.0
tbl_28_both_fixed,42,both,458752,28,0.6847,0.9352,1.0
tbl_28_trigram_fixed,42,trigram,458752,28,0.635,0.9352,1.0
tbl_2_bigram_fixed,42,bigram,32768,2,0.1021,0.9954,1.0
tbl_2_bigram_s43_fixed,43,bigram,32768,2,0.1242,0.9954,1.0
tbl_2_bigram_s44_fixed,44,bigram,32768,2,0.0973,0.9954,1.0
tbl_2_both_fixed,42,both,32768,2,0.1319,0.9954,1.0
tbl_2_both_s43_fixed,43,both,32768,2,0.0994,0.9954,1.0
tbl_2_both_s44_fixed,44,both,32768,2,0.1496,0.9954,1.0
tbl_2_trigram_fixed,42,trigram,32768,2,0.0636,0.9954,1.0
tbl_2_trigram_s43_fixed,43,trigram,32768,2,0.0888,0.9954,1.0
tbl_2_trigram_s44_fixed,44,trigram,32768,2,0.098,0.9954,1.0
tbl_32_bigram_fixed,42,bigram,524288,32,0.3032,0.9259,0.9999
tbl_32_bigram_s43_fixed,43,bigram,524288,32,0.3537,0.9259,0.9999
tbl_32_bigram_s44_fixed,44,bigram,524288,32,0.3241,0.9259,0.9999
tbl_32_both_fixed,42,both,524288,32,0.6978,0.9259,0.9999
tbl_32_both_s43_fixed,43,both,524288,32,1.595,0.9259,0.9999
tbl_32_both_s44_fixed,44,both,524288,32,0.7484,0.9259,0.9999
tbl_32_trigram_fixed,42,trigram,524288,32,0.717,0.9259,0.9999
tbl_32_trigram_s43_fixed,43,trigram,524288,32,0.6655,0.9259,0.9999
tbl_32_trigram_s44_fixed,44,trigram,524288,32,0.6609,0.9259,0.9999
tbl_36_bigram_fixed,42,bigram,589824,36,0.7663,0.9167,1.0
tbl_36_both_fixed,42,both,589824,36,0.8062,0.9167,1.0
tbl_36_trigram_fixed,42,trigram,589824,36,0.5966,0.9167,1.0
tbl_3_bigram_fixed,42,bigram,49152,3,0.1145,0.9931,1.0
tbl_3_bigram_s43_fixed,43,bigram,49152,3,0.1338,0.9931,1.0
tbl_3_bigram_s44_fixed,44,bigram,49152,3,0.1136,0.9931,1.0
tbl_3_both_fixed,42,both,49152,3,0.2157,0.9931,1.0
tbl_3_both_s43_fixed,43,both,49152,3,0.192,0.9931,1.0
tbl_3_both_s44_fixed,44,both,49152,3,0.1997,0.9931,1.0
tbl_3_trigram_fixed,42,trigram,49152,3,0.1419,0.9931,1.0
tbl_3_trigram_s43_fixed,43,trigram,49152,3,0.1192,0.9931,1.0
tbl_3_trigram_s44_fixed,44,trigram,49152,3,0.1456,0.9931,1.0
tbl_40_bigram_fixed,42,bigram,655360,40,0.3866,0.9074,1.0
tbl_40_both_fixed,42,both,655360,40,0.8418,0.9074,1.0
tbl_40_trigram_fixed,42,trigram,655360,40,0.6999,0.9074,1.0
tbl_48_bigram_fixed,42,bigram,786432,48,0.4457,0.8889,0.9996
tbl_48_bigram_s43_fixed,43,bigram,786432,48,0.3948,0.8889,0.9996
tbl_48_bigram_s44_fixed,44,bigram,786432,48,1.0723,0.8889,0.9996
tbl_48_both_fixed,42,both,786432,48,2.2445,0.8889,0.9996
tbl_48_both_s43_fixed,43,both,786432,48,0.8595,0.8889,0.9996
tbl_48_both_s44_fixed,44,both,786432,48,1.0278,0.8889,0.9996
tbl_48_trigram_fixed,42,trigram,786432,48,0.878,0.8889,0.9996
tbl_48_trigram_s43_fixed,43,trigram,786432,48,0.7335,0.8889,0.9996
tbl_48_trigram_s44_fixed,44,trigram,786432,48,0.8567,0.8889,0.9996
tbl_4_bigram_fixed,42,bigram,65536,4,0.1527,0.9907,1.0
tbl_4_bigram_s43_fixed,43,bigram,65536,4,0.1382,0.9907,1.0
tbl_4_bigram_s44_fixed,44,bigram,65536,4,0.1094,0.9907,1.0
tbl_4_both_fixed,42,both,65536,4,0.2163,0.9907,1.0
tbl_4_both_s43_fixed,43,both,65536,4,0.2207,0.9907,1.0
tbl_4_both_s44_fixed,44,both,65536,4,0.1399,0.9907,1.0
tbl_4_trigram_fixed,42,trigram,65536,4,0.1717,0.9907,1.0
tbl_4_trigram_s43_fixed,43,trigram,65536,4,0.1555,0.9907,1.0
tbl_4_trigram_s44_fixed,44,trigram,65536,4,0.1232,0.9907,1.0
tbl_56_bigram_fixed,42,bigram,917504,56,0.4199,0.8704,0.9995
tbl_56_both_fixed,42,both,917504,56,2.2568,0.8704,0.9995
tbl_56_trigram_fixed,42,trigram,917504,56,1.0232,0.8704,0.9995
tbl_5_bigram_fixed,42,bigram,81920,5,0.155,0.9884,1.0
tbl_5_both_fixed,42,both,81920,5,0.2552,0.9884,1.0
tbl_5_trigram_fixed,42,trigram,81920,5,0.1517,0.9884,1.0
tbl_64_bigram_fixed,42,bigram,1048576,64,0.9985,0.8521,0.9983
tbl_64_bigram_s43_fixed,43,bigram,1048576,64,0.5212,0.8521,0.9983
tbl_64_bigram_s44_fixed,44,bigram,1048576,64,0.4674,0.8521,0.9983
tbl_64_both_fixed,42,both,1048576,64,2.2462,0.8521,0.9983
tbl_64_both_s43_fixed,43,both,1048576,64,1.0171,0.8521,0.9983
tbl_64_both_s44_fixed,44,both,1048576,64,2.363,0.8521,0.9983
tbl_64_trigram_fixed,42,trigram,1048576,64,0.8606,0.8521,0.9983
tbl_64_trigram_s43_fixed,43,trigram,1048576,64,0.8491,0.8521,0.9983
tbl_64_trigram_s44_fixed,44,trigram,1048576,64,1.0213,0.8521,0.9983
tbl_6_bigram_fixed,42,bigram,98304,6,0.2342,0.9861,1.0
tbl_6_bigram_s43_fixed,43,bigram,98304,6,0.1052,0.9861,1.0
tbl_6_bigram_s44_fixed,44,bigram,98304,6,0.1061,0.9861,1.0
tbl_6_both_fixed,42,both,98304,6,0.3142,0.9861,1.0
tbl_6_both_s43_fixed,43,both,98304,6,0.2825,0.9861,1.0
tbl_6_both_s44_fixed,44,both,98304,6,0.3053,0.9861,1.0
tbl_6_trigram_fixed,42,trigram,98304,6,0.1699,0.9861,1.0
tbl_6_trigram_s43_fixed,43,trigram,98304,6,0.1765,0.9861,1.0
tbl_6_trigram_s44_fixed,44,trigram,98304,6,0.2145,0.9861,1.0
tbl_7_bigram_fixed,42,bigram,114688,7,0.1764,0.9838,1.0
tbl_7_both_fixed,42,both,114688,7,0.3592,0.9838,1.0
tbl_7_trigram_fixed,42,trigram,114688,7,0.17,0.9838,1.0
tbl_8_bigram_fixed,42,bigram,131072,8,0.1958,0.9815,1.0
tbl_8_bigram_s43_fixed,43,bigram,131072,8,0.1883,0.9815,1.0
tbl_8_bigram_s44_fixed,44,bigram,131072,8,0.1905,0.9815,1.0
tbl_8_both_fixed,42,both,131072,8,0.3225,0.9815,1.0
tbl_8_both_s43_fixed,43,both,131072,8,0.2516,0.9815,1.0
tbl_8_both_s44_fixed,44,both,131072,8,0.3362,0.9815,1.0
tbl_8_trigram_fixed,42,trigram,131072,8,0.2722,0.9815,1.0
tbl_8_trigram_s43_fixed,43,trigram,131072,8,0.2506,0.9815,1.0
tbl_8_trigram_s44_fixed,44,trigram,131072,8,0.2169,0.9815,1.0
tbl_9_bigram_fixed,42,bigram,147456,9,0.2163,0.9792,1.0
tbl_9_both_fixed,42,both,147456,9,0.2887,0.9792,1.0
tbl_9_trigram_fixed,42,trigram,147456,9,0.2958,0.9792,1.0
