dose,run_id,step,branch,bucket,train_token_count,train_fraction,val_token_count,val_fraction,gap,seed,source
0.25,nglab0_25x_input_v5_freq10,2000,bigram,novel,0,0.0,51989,0.08814324273003472,,42,data/runs_fixed/nglab0_25x_input_v5_freq10_fixed
0.25,nglab0_25x_input_v5_freq10,2000,bigram,1,10583,0.07177056206597222,21819,0.036992390950520836,12.643721535720957,42,data/runs_fixed/nglab0_25x_input_v5_freq10_fixed
0.25,nglab0_25x_input_v5_freq10,2000,bigram,2,5765,0.03909640842013889,14968,0.025377061631944444,12.495046581061205,42,data/runs_fixed/nglab0_25x_input_v5_freq10_fixed
0.25,nglab0_25x_input_v5_freq10,2000,bigram,3,4049,0.027459038628472224,11848,0.020087348090277776,12.07226032933157,42,data/runs_fixed/nglab0_25x_input_v5_freq10_fixed
0.25,nglab0_25x_input_v5_freq10,2000,bigram,4,3229,0.021898057725694444,10242,0.017364501953125,12.085846651344223,42,data/runs_fixed/nglab0_25x_input_v5_freq10_fixed
0.25,nglab0_25x_input_v5_freq10,2000,bigram,5,2442,0.016560872395833332,8558,0.014509412977430556,12.008053260792408,42,data/runs_fixed/nglab0_25x_input_v5_freq10_fixed
0.25,nglab0_25x_input_v5_freq10,2000,bigram,6-8,6090,0.041300455729166664,21108,0.035786946614583336,11.692823873414177,42,data/runs_fixed/nglab0_25x_input_v5_freq10_fixed
0.25,nglab0_25x_input_v5_freq10,2000,bigram,9-12,6188,0.04196506076388889,22143,0.037541707356770836,11.639120754041775,42,data/runs_fixed/nglab0_25x_input_v5_freq10_fixed
0.25,nglab0_25x_input_v5_freq10,2000,bigram,13-20,9061,0.06144883897569445,33070,0.056067572699652776,11.33745772648032,42,data/runs_fixed/nglab0_25x_input_v5_freq10_fixed
0.25,nglab0_25x_input_v5_freq10,2000,bigram,21-30,7937,0.053826226128472224,30710,0.05206637912326389,11.059057188836581,42,data/runs_fixed/nglab0_25x_input_v5_freq10_fixed
0.25,nglab0_25x_input_v5_freq10,2000,bigram,31-50,11894,0.0806613498263889,45988,0.0779690212673611,10.999173875756947,42,data/runs_fixed/nglab0_25x_input_v5_freq10_fixed
0.25,nglab0_25x_input_v5_freq10,2000,bigram,51-75,10725,0.07273356119791667,41351,0.07010735405815972,10.724783509078536,42,data/runs_fixed/nglab0_25x_input_v5_freq10_fixed
0.25,nglab0_25x_input_v5_freq10,2000,bigram,76-100,8061,0.054667154947916664,31039,0.05262417263454861,10.753953602597534,42,data/runs_fixed/nglab0_25x_input_v5_freq10_fixed
0.25,nglab0_25x_input_v5_freq10,2000,bigram,101-150,11876,0.0805392795138889,46287,0.0784759521484375,10.523755842733214,42,data/runs_fixed/nglab0_25x_input_v5_freq10_fixed
0.25,nglab0_25x_input_v5_freq10,2000,bigram,151-200,8701,0.05900743272569445,34972,0.05929226345486111,10.430741406788291,42,data/runs_fixed/nglab0_25x_input_v5_freq10_fixed
0.25,nglab0_25x_input_v5_freq10,2000,bigram,201-300,8591,0.05826144748263889,34132,0.057868109809027776,10.844101958921316,42,data/runs_fixed/nglab0_25x_input_v5_freq10_fixed
0.25,nglab0_25x_input_v5_freq10,2000,bigram,301-500,6565,0.04452175564236111,26268,0.044535319010416664,11.822191936332404,42,data/runs_fixed/nglab0_25x_input_v5_freq10_fixed
0.25,nglab0_25x_input_v5_freq10,2000,bigram,501-750,4591,0.031134711371527776,18356,0.031121148003472224,11.429174950541896,42,data/runs_fixed/nglab0_25x_input_v5_freq10_fixed
0.25,nglab0_25x_input_v5_freq10,2000,bigram,751-1k,2752,0.018663194444444444,11237,0.019051445855034724,11.750313843686076,42,data/runs_fixed/nglab0_25x_input_v5_freq10_fixed
0.25,nglab0_25x_input_v5_freq10,2000,bigram,1k-2k,5605,0.03801133897569445,22491,0.0381317138671875,12.297264616161074,42,data/runs_fixed/nglab0_25x_input_v5_freq10_fixed
0.25,nglab0_25x_input_v5_freq10,2000,bigram,2k-5k,5478,0.037150065104166664,21823,0.03699917263454861,12.28042446422802,42,data/runs_fixed/nglab0_25x_input_v5_freq10_fixed
0.25,nglab0_25x_input_v5_freq10,2000,bigram,5k-10k,2662,0.018052842881944444,11342,0.019229465060763888,12.892310690118785,42,data/runs_fixed/nglab0_25x_input_v5_freq10_fixed
0.25,nglab0_25x_input_v5_freq10,2000,bigram,10k+,4611,0.031270345052083336,18083,0.030658298068576388,12.231955253782058,42,data/runs_fixed/nglab0_25x_input_v5_freq10_fixed
0.25,nglab0_25x_input_v5_freq10,2000,trigram,novel,129,0.0008748372395833334,265533,0.4501902262369792,7.637247887006025,42,data/runs_fixed/nglab0_25x_input_v5_freq10_fixed
0.25,nglab0_25x_input_v5_freq10,2000,trigram,1,58167,0.39447021484375,57081,0.09677632649739583,12.383821296847971,42,data/runs_fixed/nglab0_25x_input_v5_freq10_fixed
0.25,nglab0_25x_input_v5_freq10,2000,trigram,2,17484,0.11857096354166667,32207,0.054604424370659724,12.118590760847352,42,data/runs_fixed/nglab0_25x_input_v5_freq10_fixed
0.25,nglab0_25x_input_v5_freq10,2000,trigram,3,9157,0.06209988064236111,22040,0.03736707899305555,11.784414822598055,42,data/runs_fixed/nglab0_25x_input_v5_freq10_fixed
0.25,nglab0_25x_input_v5_freq10,2000,trigram,4,6279,0.042582194010416664,16714,0.028337266710069444,11.59570948244255,42,data/runs_fixed/nglab0_25x_input_v5_freq10_fixed
0.25,nglab0_25x_input_v5_freq10,2000,trigram,5,4471,0.030320909288194444,12907,0.021882798936631944,11.447883052612685,42,data/runs_fixed/nglab0_25x_input_v5_freq10_fixed
0.25,nglab0_25x_input_v5_freq10,2000,trigram,6-8,9148,0.06203884548611111,28441,0.04821946885850695,11.10678841900252,42,data/runs_fixed/nglab0_25x_input_v5_freq10_fixed
0.25,nglab0_25x_input_v5_freq10,2000,trigram,9-12,7357,0.04989284939236111,24204,0.041035970052083336,10.722677024625947,42,data/runs_fixed/nglab0_25x_input_v5_freq10_fixed
0.25,nglab0_25x_input_v5_freq10,2000,trigram,13-20,8094,0.054890950520833336,28133,0.04769727918836805,10.28725673207833,42,data/runs_fixed/nglab0_25x_input_v5_freq10_fixed
0.25,nglab0_25x_input_v5_freq10,2000,trigram,21-30,5916,0.040120442708333336,20569,0.034873114691840276,10.043104969160732,42,data/runs_fixed/nglab0_25x_input_v5_freq10_fixed
0.25,nglab0_25x_input_v5_freq10,2000,trigram,31-50,5986,0.040595160590277776,21590,0.03660413953993055,9.945121308509606,42,data/runs_fixed/nglab0_25x_input_v5_freq10_fixed
0.25,nglab0_25x_input_v5_freq10,2000,trigram,51-75,3972,0.026936848958333332,14953,0.025351630316840276,9.802157390206004,42,data/runs_fixed/nglab0_25x_input_v5_freq10_fixed
0.25,nglab0_25x_input_v5_freq10,2000,trigram,76-100,2306,0.015638563368055556,8763,0.014856974283854166,9.55639948053975,42,data/runs_fixed/nglab0_25x_input_v5_freq10_fixed
0.25,nglab0_25x_input_v5_freq10,2000,trigram,101-150,2339,0.015862358940972224,9790,0.016598171657986112,9.754697724469528,42,data/runs_fixed/nglab0_25x_input_v5_freq10_fixed
0.25,nglab0_25x_input_v5_freq10,2000,trigram,151-200,1405,0.009528266059027778,5718,0.009694417317708334,9.968616397416081,42,data/runs_fixed/nglab0_25x_input_v5_freq10_fixed
0.25,nglab0_25x_input_v5_freq10,2000,trigram,201-300,1334,0.009046766493055556,5363,0.009092542860243056,10.2192800974029,42,data/runs_fixed/nglab0_25x_input_v5_freq10_fixed
0.25,nglab0_25x_input_v5_freq10,2000,trigram,301-500,1269,0.00860595703125,4768,0.008083767361111112,10.461015786791005,42,data/runs_fixed/nglab0_25x_input_v5_freq10_fixed
0.25,nglab0_25x_input_v5_freq10,2000,trigram,501-750,758,0.005140516493055556,3021,0.005121866861979167,10.044252339779348,42,data/runs_fixed/nglab0_25x_input_v5_freq10_fixed
0.25,nglab0_25x_input_v5_freq10,2000,trigram,751-1k,391,0.002651638454861111,1657,0.0028093126085069445,9.526445153130688,42,data/runs_fixed/nglab0_25x_input_v5_freq10_fixed
0.25,nglab0_25x_input_v5_freq10,2000,trigram,1k-2k,390,0.0026448567708333335,1615,0.002738104926215278,9.55834166596584,42,data/runs_fixed/nglab0_25x_input_v5_freq10_fixed
0.25,nglab0_25x_input_v5_freq10,2000,trigram,2k-5k,494,0.003350151909722222,1943,0.0032942030164930555,11.248101817030228,42,data/runs_fixed/nglab0_25x_input_v5_freq10_fixed
0.25,nglab0_25x_input_v5_freq10,2000,trigram,5k-10k,178,0.0012071397569444445,886,0.0015021430121527778,5.449118980731797,42,data/runs_fixed/nglab0_25x_input_v5_freq10_fixed
0.25,nglab0_25x_input_v5_freq10,2000,trigram,10k+,432,0.0029296875,1928,0.003268771701388889,6.530901085363938,42,data/runs_fixed/nglab0_25x_input_v5_freq10_fixed
0.5,nglab0_5x_input_v5_freq10,2000,bigram,novel,0,0.0,36820,0.06242540147569445,,42,data/runs_fixed/nglab0_5x_input_v5_freq10_fixed
0.5,nglab0_5x_input_v5_freq10,2000,bigram,1,7333,0.04973008897569445,16892,0.028639051649305556,10.740051475142236,42,data/runs_fixed/nglab0_5x_input_v5_freq10_fixed
0.5,nglab0_5x_input_v5_freq10,2000,bigram,2,4263,0.028910319010416668,11915,0.020200941297743056,10.458935860512513,42,data/runs_fixed/nglab0_5x_input_v5_freq10_fixed
0.5,nglab0_5x_input_v5_freq10,2000,bigram,3,3082,0.020901150173611112,9393,0.015925089518229168,10.02497546299019,42,data/runs_fixed/nglab0_5x_input_v5_freq10_fixed
0.5,nglab0_5x_input_v5_freq10,2000,bigram,4,2546,0.017266167534722224,7873,0.013348049587673612,10.060805492314397,42,data/runs_fixed/nglab0_5x_input_v5_freq10_fixed
0.5,nglab0_5x_input_v5_freq10,2000,bigram,5,2042,0.013848198784722222,6957,0.0117950439453125,9.802627198217312,42,data/runs_fixed/nglab0_5x_input_v5_freq10_fixed
0.5,nglab0_5x_input_v5_freq10,2000,bigram,6-8,4810,0.03261990017361111,16696,0.028306749131944444,9.703106118141829,42,data/runs_fixed/nglab0_5x_input_v5_freq10_fixed
0.5,nglab0_5x_input_v5_freq10,2000,bigram,9-12,4695,0.031840006510416664,17271,0.0292816162109375,9.627051055045335,42,data/runs_fixed/nglab0_5x_input_v5_freq10_fixed
0.5,nglab0_5x_input_v5_freq10,2000,bigram,13-20,6850,0.046454535590277776,25962,0.044016520182291664,9.271058282890415,42,data/runs_fixed/nglab0_5x_input_v5_freq10_fixed
0.5,nglab0_5x_input_v5_freq10,2000,bigram,21-30,6300,0.042724609375,24127,0.04090542263454861,9.208429960899366,42,data/runs_fixed/nglab0_5x_input_v5_freq10_fixed
0.5,nglab0_5x_input_v5_freq10,2000,bigram,31-50,9428,0.0639377170138889,36776,0.06235080295138889,8.909271232085423,42,data/runs_fixed/nglab0_5x_input_v5_freq10_fixed
0.5,nglab0_5x_input_v5_freq10,2000,bigram,51-75,8472,0.057454427083333336,33755,0.057228936089409724,8.801123352089286,42,data/runs_fixed/nglab0_5x_input_v5_freq10_fixed
0.5,nglab0_5x_input_v5_freq10,2000,bigram,76-100,7033,0.04769558376736111,27009,0.0457916259765625,8.662555259829345,42,data/runs_fixed/nglab0_5x_input_v5_freq10_fixed
0.5,nglab0_5x_input_v5_freq10,2000,bigram,101-150,10811,0.07331678602430555,41457,0.07028706868489583,8.430677671014102,42,data/runs_fixed/nglab0_5x_input_v5_freq10_fixed
0.5,nglab0_5x_input_v5_freq10,2000,bigram,151-200,7697,0.05219862196180555,31469,0.053353203667534724,8.334639463737805,42,data/runs_fixed/nglab0_5x_input_v5_freq10_fixed
0.5,nglab0_5x_input_v5_freq10,2000,bigram,201-300,11759,0.0797458224826389,46268,0.07844373914930555,8.22478859336855,42,data/runs_fixed/nglab0_5x_input_v5_freq10_fixed
0.5,nglab0_5x_input_v5_freq10,2000,bigram,301-500,14680,0.09955512152777778,58936,0.09992133246527778,8.212547464581824,42,data/runs_fixed/nglab0_5x_input_v5_freq10_fixed
0.5,nglab0_5x_input_v5_freq10,2000,bigram,501-750,5475,0.037129720052083336,21733,0.03684658474392361,9.304985478748643,42,data/runs_fixed/nglab0_5x_input_v5_freq10_fixed
0.5,nglab0_5x_input_v5_freq10,2000,bigram,751-1k,3961,0.026862250434027776,14873,0.025215996636284724,9.373737557209433,42,data/runs_fixed/nglab0_5x_input_v5_freq10_fixed
0.5,nglab0_5x_input_v5_freq10,2000,bigram,1k-2k,7640,0.051812065972222224,29759,0.050454033745659724,9.370824411126458,42,data/runs_fixed/nglab0_5x_input_v5_freq10_fixed
0.5,nglab0_5x_input_v5_freq10,2000,bigram,2k-5k,7076,0.04798719618055555,28620,0.04852294921875,9.969459334352932,42,data/runs_fixed/nglab0_5x_input_v5_freq10_fixed
0.5,nglab0_5x_input_v5_freq10,2000,bigram,5k-10k,4120,0.027940538194444444,15838,0.026852077907986112,9.811292941257983,42,data/runs_fixed/nglab0_5x_input_v5_freq10_fixed
0.5,nglab0_5x_input_v5_freq10,2000,bigram,10k+,7383,0.050069173177083336,29425,0.049887763129340276,10.102836937611379,42,data/runs_fixed/nglab0_5x_input_v5_freq10_fixed
0.5,nglab0_5x_input_v5_freq10,2000,trigram,novel,120,0.0008138020833333334,223391,0.3787417941623264,5.683164387186746,42,data/runs_fixed/nglab0_5x_input_v5_freq10_fixed
0.5,nglab0_5x_input_v5_freq10,2000,trigram,1,48697,0.3302476671006944,53871,0.09133402506510417,9.703673766954818,42,data/runs_fixed/nglab0_5x_input_v5_freq10_fixed
0.5,nglab0_5x_input_v5_freq10,2000,trigram,2,16009,0.10856797960069445,31302,0.053070068359375,9.570436284715594,42,data/runs_fixed/nglab0_5x_input_v5_freq10_fixed
0.5,nglab0_5x_input_v5_freq10,2000,trigram,3,8613,0.05841064453125,21610,0.03663804796006945,9.425142244484979,42,data/runs_fixed/nglab0_5x_input_v5_freq10_fixed
0.5,nglab0_5x_input_v5_freq10,2000,trigram,4,5926,0.04018825954861111,16373,0.027759128146701388,9.26048000782647,42,data/runs_fixed/nglab0_5x_input_v5_freq10_fixed
0.5,nglab0_5x_input_v5_freq10,2000,trigram,5,4549,0.030849880642361112,13024,0.022081163194444444,9.236591118953516,42,data/runs_fixed/nglab0_5x_input_v5_freq10_fixed
0.5,nglab0_5x_input_v5_freq10,2000,trigram,6-8,9220,0.0625271267361111,29168,0.04945203993055555,9.017630281983744,42,data/runs_fixed/nglab0_5x_input_v5_freq10_fixed
0.5,nglab0_5x_input_v5_freq10,2000,trigram,9-12,7587,0.05145263671875,25693,0.04356045193142361,8.68490197022044,42,data/runs_fixed/nglab0_5x_input_v5_freq10_fixed
0.5,nglab0_5x_input_v5_freq10,2000,trigram,13-20,9238,0.0626491970486111,32281,0.05472988552517361,8.495942872725974,42,data/runs_fixed/nglab0_5x_input_v5_freq10_fixed
0.5,nglab0_5x_input_v5_freq10,2000,trigram,21-30,6467,0.04385715060763889,23770,0.04030015733506945,8.077080879079233,42,data/runs_fixed/nglab0_5x_input_v5_freq10_fixed
0.5,nglab0_5x_input_v5_freq10,2000,trigram,31-50,7455,0.050557454427083336,27868,0.047247992621527776,7.936773387182274,42,data/runs_fixed/nglab0_5x_input_v5_freq10_fixed
0.5,nglab0_5x_input_v5_freq10,2000,trigram,51-75,5120,0.034722222222222224,18858,0.031972249348958336,7.820124847670975,42,data/runs_fixed/nglab0_5x_input_v5_freq10_fixed
0.5,nglab0_5x_input_v5_freq10,2000,trigram,76-100,3024,0.0205078125,12197,0.020679050021701388,7.638259133075167,42,data/runs_fixed/nglab0_5x_input_v5_freq10_fixed
0.5,nglab0_5x_input_v5_freq10,2000,trigram,101-150,3718,0.025214301215277776,14687,0.024900648328993056,7.692926259633915,42,data/runs_fixed/nglab0_5x_input_v5_freq10_fixed
0.5,nglab0_5x_input_v5_freq10,2000,trigram,151-200,2297,0.015577528211805556,8897,0.015084160698784722,7.609295971979996,42,data/runs_fixed/nglab0_5x_input_v5_freq10_fixed
0.5,nglab0_5x_input_v5_freq10,2000,trigram,201-300,2704,0.018337673611111112,9847,0.016694810655381944,7.408927342680208,42,data/runs_fixed/nglab0_5x_input_v5_freq10_fixed
0.5,nglab0_5x_input_v5_freq10,2000,trigram,301-500,2217,0.015034993489583334,8994,0.015248616536458334,7.882535835011151,42,data/runs_fixed/nglab0_5x_input_v5_freq10_fixed
0.5,nglab0_5x_input_v5_freq10,2000,trigram,501-750,1156,0.007839626736111112,4502,0.007632785373263889,8.388076932901102,42,data/runs_fixed/nglab0_5x_input_v5_freq10_fixed
0.5,nglab0_5x_input_v5_freq10,2000,trigram,751-1k,658,0.004462348090277778,2521,0.004274156358506944,8.066485104001814,42,data/runs_fixed/nglab0_5x_input_v5_freq10_fixed
0.5,nglab0_5x_input_v5_freq10,2000,trigram,1k-2k,1077,0.007303873697916667,4430,0.007510715060763889,7.495640265999763,42,data/runs_fixed/nglab0_5x_input_v5_freq10_fixed
0.5,nglab0_5x_input_v5_freq10,2000,trigram,2k-5k,655,0.004442003038194444,2557,0.004335191514756944,7.689654534459483,42,data/runs_fixed/nglab0_5x_input_v5_freq10_fixed
0.5,nglab0_5x_input_v5_freq10,2000,trigram,5k-10k,327,0.0022176106770833335,1169,0.0019819471571180555,8.563420637296053,42,data/runs_fixed/nglab0_5x_input_v5_freq10_fixed
0.5,nglab0_5x_input_v5_freq10,2000,trigram,10k+,622,0.004218207465277778,2814,0.004770914713541667,3.6664244515691626,42,data/runs_fixed/nglab0_5x_input_v5_freq10_fixed
0.75,nglab0_75x_input_v5_freq10,2000,bigram,novel,0,0.0,29815,0.05054897732204861,,42,data/runs_fixed/nglab0_75x_input_v5_freq10_fixed
0.75,nglab0_75x_input_v5_freq10,2000,bigram,1,6177,0.041890462239583336,14468,0.024529351128472224,9.285257778445226,42,data/runs_fixed/nglab0_75x_input_v5_freq10_fixed
0.75,nglab0_75x_input_v5_freq10,2000,bigram,2,3743,0.025383843315972224,10344,0.017537434895833332,8.958715485485124,42,data/runs_fixed/nglab0_75x_input_v5_freq10_fixed
0.75,nglab0_75x_input_v5_freq10,2000,bigram,3,2637,0.01788330078125,7982,0.013532850477430556,8.821139638168644,42,data/runs_fixed/nglab0_75x_input_v5_freq10_fixed
0.75,nglab0_75x_input_v5_freq10,2000,bigram,4,2153,0.014600965711805556,6864,0.011637369791666666,8.689624694840676,42,data/runs_fixed/nglab0_75x_input_v5_freq10_fixed
0.75,nglab0_75x_input_v5_freq10,2000,bigram,5,1731,0.011739095052083334,5975,0.010130140516493056,8.644481182807501,42,data/runs_fixed/nglab0_75x_input_v5_freq10_fixed
0.75,nglab0_75x_input_v5_freq10,2000,bigram,6-8,4255,0.028856065538194444,14652,0.02484130859375,8.425135194159592,42,data/runs_fixed/nglab0_75x_input_v5_freq10_fixed
0.75,nglab0_75x_input_v5_freq10,2000,bigram,9-12,4215,0.028584798177083332,15184,0.025743272569444444,8.095445331610945,42,data/runs_fixed/nglab0_75x_input_v5_freq10_fixed
0.75,nglab0_75x_input_v5_freq10,2000,bigram,13-20,5912,0.040093315972222224,22567,0.038260565863715276,8.085303619395788,42,data/runs_fixed/nglab0_75x_input_v5_freq10_fixed
0.75,nglab0_75x_input_v5_freq10,2000,bigram,21-30,5516,0.037407769097222224,21154,0.035864935980902776,7.946143900743432,42,data/runs_fixed/nglab0_75x_input_v5_freq10_fixed
0.75,nglab0_75x_input_v5_freq10,2000,bigram,31-50,8017,0.05436876085069445,31472,0.05335828993055555,7.734729878309001,42,data/runs_fixed/nglab0_75x_input_v5_freq10_fixed
0.75,nglab0_75x_input_v5_freq10,2000,bigram,51-75,7585,0.05143907335069445,29859,0.050623575846354164,7.561720654908687,42,data/runs_fixed/nglab0_75x_input_v5_freq10_fixed
0.75,nglab0_75x_input_v5_freq10,2000,bigram,76-100,6001,0.04069688585069445,23495,0.039833916558159724,7.451558932026015,42,data/runs_fixed/nglab0_75x_input_v5_freq10_fixed
0.75,nglab0_75x_input_v5_freq10,2000,bigram,101-150,9537,0.06467692057291667,37524,0.06361897786458333,7.305961090932563,42,data/runs_fixed/nglab0_75x_input_v5_freq10_fixed
0.75,nglab0_75x_input_v5_freq10,2000,bigram,151-200,7344,0.0498046875,29113,0.04935879177517361,7.096824556488576,42,data/runs_fixed/nglab0_75x_input_v5_freq10_fixed
0.75,nglab0_75x_input_v5_freq10,2000,bigram,201-300,10858,0.0736355251736111,43406,0.07359144422743055,7.051618830089292,42,data/runs_fixed/nglab0_75x_input_v5_freq10_fixed
0.75,nglab0_75x_input_v5_freq10,2000,bigram,301-500,15142,0.1026882595486111,59363,0.10064527723524305,6.866897244116906,42,data/runs_fixed/nglab0_75x_input_v5_freq10_fixed
0.75,nglab0_75x_input_v5_freq10,2000,bigram,501-750,11804,0.0800509982638889,46811,0.0793643527560764,6.827110650687691,42,data/runs_fixed/nglab0_75x_input_v5_freq10_fixed
0.75,nglab0_75x_input_v5_freq10,2000,bigram,751-1k,3653,0.024773491753472224,15462,0.026214599609375,7.825803797054722,42,data/runs_fixed/nglab0_75x_input_v5_freq10_fixed
0.75,nglab0_75x_input_v5_freq10,2000,bigram,1k-2k,8500,0.05764431423611111,33884,0.05744764539930555,7.807178099087614,42,data/runs_fixed/nglab0_75x_input_v5_freq10_fixed
0.75,nglab0_75x_input_v5_freq10,2000,bigram,2k-5k,8055,0.05462646484375,32704,0.05544704861111111,8.09989631654021,42,data/runs_fixed/nglab0_75x_input_v5_freq10_fixed
0.75,nglab0_75x_input_v5_freq10,2000,bigram,5k-10k,5346,0.0362548828125,20795,0.035256279839409724,8.242331325972943,42,data/runs_fixed/nglab0_75x_input_v5_freq10_fixed
0.75,nglab0_75x_input_v5_freq10,2000,bigram,10k+,9275,0.0629001193576389,36931,0.06261359320746528,8.548494026529035,42,data/runs_fixed/nglab0_75x_input_v5_freq10_fixed
0.75,nglab0_75x_input_v5_freq10,2000,trigram,novel,109,0.0007392035590277778,200161,0.3393571641710069,4.532739320087609,42,data/runs_fixed/nglab0_75x_input_v5_freq10_fixed
0.75,nglab0_75x_input_v5_freq10,2000,trigram,1,44417,0.3012220594618056,51747,0.08773295084635417,8.251536660446595,42,data/runs_fixed/nglab0_75x_input_v5_freq10_fixed
0.75,nglab0_75x_input_v5_freq10,2000,trigram,2,14831,0.10057915581597222,30214,0.05122545030381945,8.105608223447616,42,data/runs_fixed/nglab0_75x_input_v5_freq10_fixed
0.75,nglab0_75x_input_v5_freq10,2000,trigram,3,8223,0.055765787760416664,21006,0.035614013671875,7.8798914795045505,42,data/runs_fixed/nglab0_75x_input_v5_freq10_fixed
0.75,nglab0_75x_input_v5_freq10,2000,trigram,4,5808,0.039388020833333336,16326,0.027679443359375,7.75656107773516,42,data/runs_fixed/nglab0_75x_input_v5_freq10_fixed
0.75,nglab0_75x_input_v5_freq10,2000,trigram,5,4379,0.029696994357638888,13081,0.022177802191840276,7.805540670334632,42,data/runs_fixed/nglab0_75x_input_v5_freq10_fixed
0.75,nglab0_75x_input_v5_freq10,2000,trigram,6-8,8999,0.061028374565972224,28663,0.04859585232204861,7.740475293614749,42,data/runs_fixed/nglab0_75x_input_v5_freq10_fixed
0.75,nglab0_75x_input_v5_freq10,2000,trigram,9-12,7470,0.0506591796875,26048,0.04416232638888889,7.438060379286855,42,data/runs_fixed/nglab0_75x_input_v5_freq10_fixed
0.75,nglab0_75x_input_v5_freq10,2000,trigram,13-20,9097,0.06169297960069445,33043,0.056021796332465276,7.280419798211678,42,data/runs_fixed/nglab0_75x_input_v5_freq10_fixed
0.75,nglab0_75x_input_v5_freq10,2000,trigram,21-30,7113,0.048238118489583336,25952,0.043999565972222224,7.130577578893479,42,data/runs_fixed/nglab0_75x_input_v5_freq10_fixed
0.75,nglab0_75x_input_v5_freq10,2000,trigram,31-50,7833,0.053120930989583336,30245,0.051278008355034724,6.7678395182760385,42,data/runs_fixed/nglab0_75x_input_v5_freq10_fixed
0.75,nglab0_75x_input_v5_freq10,2000,trigram,51-75,5819,0.03946261935763889,22065,0.037409464518229164,6.605827193111795,42,data/runs_fixed/nglab0_75x_input_v5_freq10_fixed
0.75,nglab0_75x_input_v5_freq10,2000,trigram,76-100,3583,0.024298773871527776,13429,0.022767808702256944,6.605637945155783,42,data/runs_fixed/nglab0_75x_input_v5_freq10_fixed
0.75,nglab0_75x_input_v5_freq10,2000,trigram,101-150,4618,0.031317816840277776,17274,0.029286702473958332,6.342787839647241,42,data/runs_fixed/nglab0_75x_input_v5_freq10_fixed
0.75,nglab0_75x_input_v5_freq10,2000,trigram,151-200,2649,0.017964680989583332,10726,0.018185085720486112,6.436410844379787,42,data/runs_fixed/nglab0_75x_input_v5_freq10_fixed
0.75,nglab0_75x_input_v5_freq10,2000,trigram,201-300,3234,0.021931966145833332,13011,0.022059122721354168,6.281235719077313,42,data/runs_fixed/nglab0_75x_input_v5_freq10_fixed
0.75,nglab0_75x_input_v5_freq10,2000,trigram,301-500,3113,0.021111382378472224,12345,0.020929972330729168,6.07570793816308,42,data/runs_fixed/nglab0_75x_input_v5_freq10_fixed
0.75,nglab0_75x_input_v5_freq10,2000,trigram,501-750,1602,0.0108642578125,6516,0.01104736328125,6.574337006652941,42,data/runs_fixed/nglab0_75x_input_v5_freq10_fixed
0.75,nglab0_75x_input_v5_freq10,2000,trigram,751-1k,806,0.005466037326388889,3294,0.005584716796875,6.769211230525276,42,data/runs_fixed/nglab0_75x_input_v5_freq10_fixed
0.75,nglab0_75x_input_v5_freq10,2000,trigram,1k-2k,1503,0.01019287109375,5823,0.0098724365234375,6.525647154212969,42,data/runs_fixed/nglab0_75x_input_v5_freq10_fixed
0.75,nglab0_75x_input_v5_freq10,2000,trigram,2k-5k,1049,0.007113986545138889,3940,0.006679958767361111,6.251280909821786,42,data/runs_fixed/nglab0_75x_input_v5_freq10_fixed
0.75,nglab0_75x_input_v5_freq10,2000,trigram,5k-10k,550,0.003729926215277778,2101,0.003562079535590278,7.176822184569631,42,data/runs_fixed/nglab0_75x_input_v5_freq10_fixed
0.75,nglab0_75x_input_v5_freq10,2000,trigram,10k+,651,0.004414876302083333,2814,0.004770914713541667,2.751861656317107,42,data/runs_fixed/nglab0_75x_input_v5_freq10_fixed
1.0,nglab1x_input_v5_freq10_r1,2000,bigram,novel,0,0.0,25401,0.043065388997395836,,42,data/runs_fixed/nglab1x_input_v5_freq10_r1_fixed
1.0,nglab1x_input_v5_freq10_r1,2000,bigram,1,5135,0.03482394748263889,12905,0.021879408094618056,7.952891841650189,42,data/runs_fixed/nglab1x_input_v5_freq10_r1_fixed
1.0,nglab1x_input_v5_freq10_r1,2000,bigram,2,3045,0.020650227864583332,9139,0.015494452582465278,7.571850143758776,42,data/runs_fixed/nglab1x_input_v5_freq10_r1_fixed
1.0,nglab1x_input_v5_freq10_r1,2000,bigram,3,2324,0.015760633680555556,7424,0.012586805555555556,7.380122742550218,42,data/runs_fixed/nglab1x_input_v5_freq10_r1_fixed
1.0,nglab1x_input_v5_freq10_r1,2000,bigram,4,1850,0.012546115451388888,6184,0.010484483506944444,7.201616404279704,42,data/runs_fixed/nglab1x_input_v5_freq10_r1_fixed
1.0,nglab1x_input_v5_freq10_r1,2000,bigram,5,1625,0.011020236545138888,5443,0.009228176540798612,7.3908649381686145,42,data/runs_fixed/nglab1x_input_v5_freq10_r1_fixed
1.0,nglab1x_input_v5_freq10_r1,2000,bigram,6-8,3809,0.025831434461805556,13058,0.022138807508680556,6.870396946839893,42,data/runs_fixed/nglab1x_input_v5_freq10_r1_fixed
1.0,nglab1x_input_v5_freq10_r1,2000,bigram,9-12,3781,0.025641547309027776,13612,0.023078070746527776,6.845994604961881,42,data/runs_fixed/nglab1x_input_v5_freq10_r1_fixed
1.0,nglab1x_input_v5_freq10_r1,2000,bigram,13-20,5474,0.03712293836805555,20488,0.034735785590277776,6.549161478819645,42,data/runs_fixed/nglab1x_input_v5_freq10_r1_fixed
1.0,nglab1x_input_v5_freq10_r1,2000,bigram,21-30,5156,0.034966362847222224,19380,0.032857259114583336,6.429911687320924,42,data/runs_fixed/nglab1x_input_v5_freq10_r1_fixed
1.0,nglab1x_input_v5_freq10_r1,2000,bigram,31-50,7497,0.05084228515625,28755,0.0487518310546875,6.0881700569892025,42,data/runs_fixed/nglab1x_input_v5_freq10_r1_fixed
1.0,nglab1x_input_v5_freq10_r1,2000,bigram,51-75,6703,0.04545762803819445,26781,0.045405069986979164,6.024391989430039,42,data/runs_fixed/nglab1x_input_v5_freq10_r1_fixed
1.0,nglab1x_input_v5_freq10_r1,2000,bigram,76-100,5594,0.03793674045138889,21478,0.036414252387152776,5.734454331039574,42,data/runs_fixed/nglab1x_input_v5_freq10_r1_fixed
1.0,nglab1x_input_v5_freq10_r1,2000,bigram,101-150,8684,0.058892144097222224,33925,0.057517157660590276,5.538320019616585,42,data/runs_fixed/nglab1x_input_v5_freq10_r1_fixed
1.0,nglab1x_input_v5_freq10_r1,2000,bigram,151-200,6835,0.04635281032986111,27248,0.046196831597222224,5.402218779329774,42,data/runs_fixed/nglab1x_input_v5_freq10_r1_fixed
1.0,nglab1x_input_v5_freq10_r1,2000,bigram,201-300,10488,0.07112630208333333,41557,0.07045661078559028,5.156569047336762,42,data/runs_fixed/nglab1x_input_v5_freq10_r1_fixed
1.0,nglab1x_input_v5_freq10_r1,2000,bigram,301-500,13901,0.0942721896701389,56749,0.09621344672309028,5.016827418298347,42,data/runs_fixed/nglab1x_input_v5_freq10_r1_fixed
1.0,nglab1x_input_v5_freq10_r1,2000,bigram,501-750,11777,0.0798678927951389,48333,0.08194478352864583,4.7241904755674655,42,data/runs_fixed/nglab1x_input_v5_freq10_r1_fixed
1.0,nglab1x_input_v5_freq10_r1,2000,bigram,751-1k,8061,0.054667154947916664,32445,0.0550079345703125,4.824099260060828,42,data/runs_fixed/nglab1x_input_v5_freq10_r1_fixed
1.0,nglab1x_input_v5_freq10_r1,2000,bigram,1k-2k,9317,0.06318495008680555,36098,0.06120130750868055,5.385459474645426,42,data/runs_fixed/nglab1x_input_v5_freq10_r1_fixed
1.0,nglab1x_input_v5_freq10_r1,2000,bigram,2k-5k,9744,0.06608072916666667,37677,0.06387837727864583,5.303043099575216,42,data/runs_fixed/nglab1x_input_v5_freq10_r1_fixed
1.0,nglab1x_input_v5_freq10_r1,2000,bigram,5k-10k,5250,0.035603841145833336,20483,0.03472730848524305,5.551489541493245,42,data/runs_fixed/nglab1x_input_v5_freq10_r1_fixed
1.0,nglab1x_input_v5_freq10_r1,2000,bigram,10k+,11406,0.07735188802083333,45261,0.0767364501953125,5.39913615224154,42,data/runs_fixed/nglab1x_input_v5_freq10_r1_fixed
1.0,nglab1x_input_v5_freq10_r1,2000,trigram,novel,109,0.0007392035590277778,184590,0.312957763671875,2.9100839931001303,42,data/runs_fixed/nglab1x_input_v5_freq10_r1_fixed
1.0,nglab1x_input_v5_freq10_r1,2000,trigram,1,40159,0.2723456488715278,49598,0.08408949110243055,6.606597927455462,42,data/runs_fixed/nglab1x_input_v5_freq10_r1_fixed
1.0,nglab1x_input_v5_freq10_r1,2000,trigram,2,13892,0.0942111545138889,29206,0.04951646592881945,6.371002577626494,42,data/runs_fixed/nglab1x_input_v5_freq10_r1_fixed
1.0,nglab1x_input_v5_freq10_r1,2000,trigram,3,8008,0.05430772569444445,20679,0.035059611002604164,6.253074760562662,42,data/runs_fixed/nglab1x_input_v5_freq10_r1_fixed
1.0,nglab1x_input_v5_freq10_r1,2000,trigram,4,5885,0.039910210503472224,15821,0.026823255750868056,6.019767075645468,42,data/runs_fixed/nglab1x_input_v5_freq10_r1_fixed
1.0,nglab1x_input_v5_freq10_r1,2000,trigram,5,4463,0.030266655815972224,13031,0.022093031141493056,6.06277404387199,42,data/runs_fixed/nglab1x_input_v5_freq10_r1_fixed
1.0,nglab1x_input_v5_freq10_r1,2000,trigram,6-8,9122,0.06186252170138889,28846,0.04890611436631945,5.878613937033911,42,data/runs_fixed/nglab1x_input_v5_freq10_r1_fixed
1.0,nglab1x_input_v5_freq10_r1,2000,trigram,9-12,7890,0.053507486979166664,25888,0.043891059027777776,5.670151725222997,42,data/runs_fixed/nglab1x_input_v5_freq10_r1_fixed
1.0,nglab1x_input_v5_freq10_r1,2000,trigram,13-20,9540,0.064697265625,33496,0.05678982204861111,5.403587469718665,42,data/runs_fixed/nglab1x_input_v5_freq10_r1_fixed
1.0,nglab1x_input_v5_freq10_r1,2000,trigram,21-30,7309,0.049567328559027776,26506,0.04493882921006945,5.0983219502846735,42,data/runs_fixed/nglab1x_input_v5_freq10_r1_fixed
1.0,nglab1x_input_v5_freq10_r1,2000,trigram,31-50,8523,0.05780029296875,32297,0.054757012261284724,4.716625986595524,42,data/runs_fixed/nglab1x_input_v5_freq10_r1_fixed
1.0,nglab1x_input_v5_freq10_r1,2000,trigram,51-75,6016,0.04079861111111111,23092,0.03915066189236111,4.320852860481749,42,data/runs_fixed/nglab1x_input_v5_freq10_r1_fixed
1.0,nglab1x_input_v5_freq10_r1,2000,trigram,76-100,3994,0.027086046006944444,15443,0.026182386610243056,4.176183711783379,42,data/runs_fixed/nglab1x_input_v5_freq10_r1_fixed
1.0,nglab1x_input_v5_freq10_r1,2000,trigram,101-150,4703,0.03189425998263889,18947,0.03212314181857639,4.0044848896711835,42,data/runs_fixed/nglab1x_input_v5_freq10_r1_fixed
1.0,nglab1x_input_v5_freq10_r1,2000,trigram,151-200,2992,0.020290798611111112,11804,0.020012749565972224,3.7045385910191104,42,data/runs_fixed/nglab1x_input_v5_freq10_r1_fixed
1.0,nglab1x_input_v5_freq10_r1,2000,trigram,201-300,3648,0.024739583333333332,14730,0.024973551432291668,3.5437310231392214,42,data/runs_fixed/nglab1x_input_v5_freq10_r1_fixed
1.0,nglab1x_input_v5_freq10_r1,2000,trigram,301-500,3565,0.024176703559027776,14660,0.024854871961805556,3.358562729463644,42,data/runs_fixed/nglab1x_input_v5_freq10_r1_fixed
1.0,nglab1x_input_v5_freq10_r1,2000,trigram,501-750,2152,0.014594184027777778,8990,0.015241834852430556,3.0619568254657277,42,data/runs_fixed/nglab1x_input_v5_freq10_r1_fixed
1.0,nglab1x_input_v5_freq10_r1,2000,trigram,751-1k,1046,0.007093641493055556,4188,0.007100423177083333,3.156400278492615,42,data/runs_fixed/nglab1x_input_v5_freq10_r1_fixed
1.0,nglab1x_input_v5_freq10_r1,2000,trigram,1k-2k,1862,0.012627495659722222,7040,0.011935763888888888,3.2500391374009947,42,data/runs_fixed/nglab1x_input_v5_freq10_r1_fixed
1.0,nglab1x_input_v5_freq10_r1,2000,trigram,2k-5k,1380,0.009358723958333334,5360,0.009087456597222222,2.7378239448531514,42,data/runs_fixed/nglab1x_input_v5_freq10_r1_fixed
1.0,nglab1x_input_v5_freq10_r1,2000,trigram,5k-10k,330,0.0022379557291666665,1629,0.0027618408203125,2.8753520977549987,42,data/runs_fixed/nglab1x_input_v5_freq10_r1_fixed
1.0,nglab1x_input_v5_freq10_r1,2000,trigram,10k+,868,0.005886501736111111,3983,0.006752861870659722,1.8568784180001767,42,data/runs_fixed/nglab1x_input_v5_freq10_r1_fixed
1.5,nglab1_5x_input_v5_freq10,2000,bigram,novel,0,0.0,19410,0.032908121744791664,,42,data/runs_fixed/nglab1_5x_input_v5_freq10_fixed
1.5,nglab1_5x_input_v5_freq10,2000,bigram,1,4266,0.0289306640625,10900,0.018480088975694444,5.282506673964296,42,data/runs_fixed/nglab1_5x_input_v5_freq10_fixed
1.5,nglab1_5x_input_v5_freq10,2000,bigram,2,2847,0.019307454427083332,7910,0.013410780164930556,4.842487623932967,42,data/runs_fixed/nglab1_5x_input_v5_freq10_fixed
1.5,nglab1_5x_input_v5_freq10,2000,bigram,3,2118,0.014363606770833334,6502,0.011023627387152778,4.615118364150266,42,data/runs_fixed/nglab1_5x_input_v5_freq10_fixed
1.5,nglab1_5x_input_v5_freq10,2000,bigram,4,1674,0.0113525390625,5495,0.009316338433159722,4.463878610991588,42,data/runs_fixed/nglab1_5x_input_v5_freq10_fixed
1.5,nglab1_5x_input_v5_freq10,2000,bigram,5,1430,0.009697808159722222,4716,0.00799560546875,4.3434411363508625,42,data/runs_fixed/nglab1_5x_input_v5_freq10_fixed
1.5,nglab1_5x_input_v5_freq10,2000,bigram,6-8,3510,0.0238037109375,11911,0.020194159613715276,4.182041414398433,42,data/runs_fixed/nglab1_5x_input_v5_freq10_fixed
1.5,nglab1_5x_input_v5_freq10,2000,bigram,9-12,3477,0.023579915364583332,12027,0.020390828450520832,4.003781821804385,42,data/runs_fixed/nglab1_5x_input_v5_freq10_fixed
1.5,nglab1_5x_input_v5_freq10,2000,bigram,13-20,4749,0.032206217447916664,18408,0.031209309895833332,3.638112030034717,42,data/runs_fixed/nglab1_5x_input_v5_freq10_fixed
1.5,nglab1_5x_input_v5_freq10,2000,bigram,21-30,4305,0.029195149739583332,16874,0.028608534071180556,3.4090548420778313,42,data/runs_fixed/nglab1_5x_input_v5_freq10_fixed
1.5,nglab1_5x_input_v5_freq10,2000,bigram,31-50,6436,0.043646918402777776,25298,0.04289076063368055,3.115413072287409,42,data/runs_fixed/nglab1_5x_input_v5_freq10_fixed
1.5,nglab1_5x_input_v5_freq10,2000,bigram,51-75,6085,0.041266547309027776,23485,0.039816962348090276,2.8336276803897356,42,data/runs_fixed/nglab1_5x_input_v5_freq10_fixed
1.5,nglab1_5x_input_v5_freq10,2000,bigram,76-100,4911,0.033304850260416664,18664,0.03164333767361111,2.66733613918183,42,data/runs_fixed/nglab1_5x_input_v5_freq10_fixed
1.5,nglab1_5x_input_v5_freq10,2000,bigram,101-150,7582,0.05141872829861111,30009,0.050877888997395836,2.3891325064654247,42,data/runs_fixed/nglab1_5x_input_v5_freq10_fixed
1.5,nglab1_5x_input_v5_freq10,2000,bigram,151-200,6035,0.04092746310763889,23964,0.040629069010416664,2.2884627016794243,42,data/runs_fixed/nglab1_5x_input_v5_freq10_fixed
1.5,nglab1_5x_input_v5_freq10,2000,bigram,201-300,9373,0.0635647243923611,37432,0.06346299913194445,2.20151869069048,42,data/runs_fixed/nglab1_5x_input_v5_freq10_fixed
1.5,nglab1_5x_input_v5_freq10,2000,bigram,301-500,13196,0.08949110243055555,53451,0.0906219482421875,2.014306627777093,42,data/runs_fixed/nglab1_5x_input_v5_freq10_fixed
1.5,nglab1_5x_input_v5_freq10,2000,bigram,501-750,11402,0.07732476128472222,45653,0.07740105523003472,1.8844577827338673,42,data/runs_fixed/nglab1_5x_input_v5_freq10_fixed
1.5,nglab1_5x_input_v5_freq10,2000,bigram,751-1k,8462,0.05738661024305555,33796,0.05729844835069445,1.775396865388855,42,data/runs_fixed/nglab1_5x_input_v5_freq10_fixed
1.5,nglab1_5x_input_v5_freq10,2000,bigram,1k-2k,15326,0.10393608940972222,61471,0.10421922471788195,1.7563579752463192,42,data/runs_fixed/nglab1_5x_input_v5_freq10_fixed
1.5,nglab1_5x_input_v5_freq10,2000,bigram,2k-5k,10843,0.07353379991319445,43490,0.0737338595920139,1.790379871296814,42,data/runs_fixed/nglab1_5x_input_v5_freq10_fixed
1.5,nglab1_5x_input_v5_freq10,2000,bigram,5k-10k,5630,0.03818088107638889,23204,0.03934054904513889,1.8074905262238312,42,data/runs_fixed/nglab1_5x_input_v5_freq10_fixed
1.5,nglab1_5x_input_v5_freq10,2000,bigram,10k+,13799,0.09358045789930555,55754,0.09452650282118055,1.7395856258229472,42,data/runs_fixed/nglab1_5x_input_v5_freq10_fixed
1.5,nglab1_5x_input_v5_freq10,2000,trigram,novel,110,0.0007459852430555555,163784,0.2776828342013889,0.5115015379836869,42,data/runs_fixed/nglab1_5x_input_v5_freq10_fixed
1.5,nglab1_5x_input_v5_freq10,2000,trigram,1,37644,0.2552897135416667,47104,0.0798611111111111,3.3432279998355194,42,data/runs_fixed/nglab1_5x_input_v5_freq10_fixed
1.5,nglab1_5x_input_v5_freq10,2000,trigram,2,13252,0.0898708767361111,28238,0.047875298394097224,3.089308670481314,42,data/runs_fixed/nglab1_5x_input_v5_freq10_fixed
1.5,nglab1_5x_input_v5_freq10,2000,trigram,3,7513,0.05095079210069445,20073,0.034032185872395836,2.889013792632432,42,data/runs_fixed/nglab1_5x_input_v5_freq10_fixed
1.5,nglab1_5x_input_v5_freq10,2000,trigram,4,5410,0.036688910590277776,15461,0.026212904188368056,2.78318440749519,42,data/runs_fixed/nglab1_5x_input_v5_freq10_fixed
1.5,nglab1_5x_input_v5_freq10,2000,trigram,5,4139,0.028069390190972224,12902,0.021874321831597224,2.6652315992637092,42,data/runs_fixed/nglab1_5x_input_v5_freq10_fixed
1.5,nglab1_5x_input_v5_freq10,2000,trigram,6-8,8815,0.05978054470486111,28288,0.04796006944444445,2.5085468701238542,42,data/runs_fixed/nglab1_5x_input_v5_freq10_fixed
1.5,nglab1_5x_input_v5_freq10,2000,trigram,9-12,7346,0.04981825086805555,26229,0.044469197591145836,2.336160380413041,42,data/runs_fixed/nglab1_5x_input_v5_freq10_fixed
1.5,nglab1_5x_input_v5_freq10,2000,trigram,13-20,9233,0.06261528862847222,33564,0.056905110677083336,2.0471568026073816,42,data/runs_fixed/nglab1_5x_input_v5_freq10_fixed
1.5,nglab1_5x_input_v5_freq10,2000,trigram,21-30,6969,0.047261555989583336,26848,0.04551866319444445,1.8518539745211537,42,data/runs_fixed/nglab1_5x_input_v5_freq10_fixed
1.5,nglab1_5x_input_v5_freq10,2000,trigram,31-50,8617,0.05843777126736111,33713,0.05715772840711805,1.7095588208577093,42,data/runs_fixed/nglab1_5x_input_v5_freq10_fixed
1.5,nglab1_5x_input_v5_freq10,2000,trigram,51-75,6503,0.04410129123263889,25617,0.043431599934895836,1.5327169567902508,42,data/runs_fixed/nglab1_5x_input_v5_freq10_fixed
1.5,nglab1_5x_input_v5_freq10,2000,trigram,76-100,4337,0.029412163628472224,16824,0.028523763020833332,1.4687237317946362,42,data/runs_fixed/nglab1_5x_input_v5_freq10_fixed
1.5,nglab1_5x_input_v5_freq10,2000,trigram,101-150,5441,0.03689914279513889,21763,0.03689744737413195,1.2996859312279896,42,data/runs_fixed/nglab1_5x_input_v5_freq10_fixed
1.5,nglab1_5x_input_v5_freq10,2000,trigram,151-200,3314,0.022474500868055556,13821,0.023432413736979168,1.1265657078987084,42,data/runs_fixed/nglab1_5x_input_v5_freq10_fixed
1.5,nglab1_5x_input_v5_freq10,2000,trigram,201-300,4265,0.028923882378472224,17192,0.029147677951388888,1.0450293188321562,42,data/runs_fixed/nglab1_5x_input_v5_freq10_fixed
1.5,nglab1_5x_input_v5_freq10,2000,trigram,301-500,4303,0.029181586371527776,17755,0.030102199978298612,0.8966924184458636,42,data/runs_fixed/nglab1_5x_input_v5_freq10_fixed
1.5,nglab1_5x_input_v5_freq10,2000,trigram,501-750,2804,0.019015842013888888,10863,0.0184173583984375,0.9123153670847097,42,data/runs_fixed/nglab1_5x_input_v5_freq10_fixed
1.5,nglab1_5x_input_v5_freq10,2000,trigram,751-1k,1658,0.011244032118055556,6345,0.0107574462890625,0.8329808547853665,42,data/runs_fixed/nglab1_5x_input_v5_freq10_fixed
1.5,nglab1_5x_input_v5_freq10,2000,trigram,1k-2k,2394,0.0162353515625,9300,0.015767415364583332,0.8149353815604172,42,data/runs_fixed/nglab1_5x_input_v5_freq10_fixed
1.5,nglab1_5x_input_v5_freq10,2000,trigram,2k-5k,1766,0.011976453993055556,7158,0.012135823567708334,0.8705738844300628,42,data/runs_fixed/nglab1_5x_input_v5_freq10_fixed
1.5,nglab1_5x_input_v5_freq10,2000,trigram,5k-10k,603,0.00408935546875,2301,0.0039011637369791665,0.8968732299533033,42,data/runs_fixed/nglab1_5x_input_v5_freq10_fixed
1.5,nglab1_5x_input_v5_freq10,2000,trigram,10k+,1020,0.006917317708333333,4681,0.007936265733506944,0.5430591684219332,42,data/runs_fixed/nglab1_5x_input_v5_freq10_fixed
2.0,nglab2x_input_v5_freq10,2000,bigram,novel,0,0.0,16251,0.027552286783854168,,42,data/runs_fixed/nglab2x_input_v5_freq10_fixed
2.0,nglab2x_input_v5_freq10,2000,bigram,1,3495,0.023701985677083332,9525,0.016148885091145832,3.0699417332951473,42,data/runs_fixed/nglab2x_input_v5_freq10_fixed
2.0,nglab2x_input_v5_freq10,2000,bigram,2,2445,0.016581217447916668,7040,0.011935763888888888,2.7961675618829895,42,data/runs_fixed/nglab2x_input_v5_freq10_fixed
2.0,nglab2x_input_v5_freq10,2000,bigram,3,1798,0.012193467881944444,5754,0.009755452473958334,2.661146959805106,42,data/runs_fixed/nglab2x_input_v5_freq10_fixed
2.0,nglab2x_input_v5_freq10,2000,bigram,4,1497,0.010152180989583334,4932,0.00836181640625,2.5440437503506903,42,data/runs_fixed/nglab2x_input_v5_freq10_fixed
2.0,nglab2x_input_v5_freq10,2000,bigram,5,1330,0.009019639756944444,4363,0.007397121853298611,2.4143326138038645,42,data/runs_fixed/nglab2x_input_v5_freq10_fixed
2.0,nglab2x_input_v5_freq10,2000,bigram,6-8,3021,0.020487467447916668,10764,0.01824951171875,2.202457867929816,42,data/runs_fixed/nglab2x_input_v5_freq10_fixed
2.0,nglab2x_input_v5_freq10,2000,bigram,9-12,3069,0.02081298828125,11053,0.018739488389756944,2.0808917824829205,42,data/runs_fixed/nglab2x_input_v5_freq10_fixed
2.0,nglab2x_input_v5_freq10,2000,bigram,13-20,4424,0.030002170138888888,16599,0.028142293294270832,1.7925472669866425,42,data/runs_fixed/nglab2x_input_v5_freq10_fixed
2.0,nglab2x_input_v5_freq10,2000,bigram,21-30,3973,0.026943630642361112,15464,0.026217990451388888,1.7365095595628652,42,data/runs_fixed/nglab2x_input_v5_freq10_fixed
2.0,nglab2x_input_v5_freq10,2000,bigram,31-50,5814,0.0394287109375,22857,0.038752237955729164,1.4404534333221628,42,data/runs_fixed/nglab2x_input_v5_freq10_fixed
2.0,nglab2x_input_v5_freq10,2000,bigram,51-75,5266,0.035712348090277776,21241,0.03601243760850695,1.2871109483932734,42,data/runs_fixed/nglab2x_input_v5_freq10_fixed
2.0,nglab2x_input_v5_freq10,2000,bigram,76-100,4322,0.029310438368055556,17278,0.029293484157986112,1.324597189855592,42,data/runs_fixed/nglab2x_input_v5_freq10_fixed
2.0,nglab2x_input_v5_freq10,2000,bigram,101-150,6870,0.046590169270833336,27161,0.04604932996961805,1.1569836769855182,42,data/runs_fixed/nglab2x_input_v5_freq10_fixed
2.0,nglab2x_input_v5_freq10,2000,bigram,151-200,5634,0.0382080078125,21535,0.03651089138454861,1.1087948535649463,42,data/runs_fixed/nglab2x_input_v5_freq10_fixed
2.0,nglab2x_input_v5_freq10,2000,bigram,201-300,8751,0.059346516927083336,34631,0.05871412489149305,1.0262336627898683,42,data/runs_fixed/nglab2x_input_v5_freq10_fixed
2.0,nglab2x_input_v5_freq10,2000,bigram,301-500,12517,0.08488633897569445,49920,0.08463541666666667,1.0102493896901827,42,data/runs_fixed/nglab2x_input_v5_freq10_fixed
2.0,nglab2x_input_v5_freq10,2000,bigram,501-750,10807,0.07328965928819445,43203,0.07324727376302083,0.8005624768110629,42,data/runs_fixed/nglab2x_input_v5_freq10_fixed
2.0,nglab2x_input_v5_freq10,2000,bigram,751-1k,8412,0.057047526041666664,33212,0.05630832248263889,0.8235408186540032,42,data/runs_fixed/nglab2x_input_v5_freq10_fixed
2.0,nglab2x_input_v5_freq10,2000,bigram,1k-2k,19625,0.1330905490451389,80279,0.13610670301649305,0.7835613118526892,42,data/runs_fixed/nglab2x_input_v5_freq10_fixed
2.0,nglab2x_input_v5_freq10,2000,bigram,2k-5k,11449,0.07764350043402778,45813,0.07767232259114583,0.8469566258903591,42,data/runs_fixed/nglab2x_input_v5_freq10_fixed
2.0,nglab2x_input_v5_freq10,2000,bigram,5k-10k,6843,0.046407063802083336,26966,0.04571872287326389,0.8653609477847408,42,data/runs_fixed/nglab2x_input_v5_freq10_fixed
2.0,nglab2x_input_v5_freq10,2000,bigram,10k+,16094,0.10914442274305555,63983,0.1084781222873264,0.7795119747928361,42,data/runs_fixed/nglab2x_input_v5_freq10_fixed
2.0,nglab2x_input_v5_freq10,2000,trigram,novel,112,0.0007595486111111111,150005,0.2543216281467014,-0.32767371913253385,42,data/runs_fixed/nglab2x_input_v5_freq10_fixed
2.0,nglab2x_input_v5_freq10,2000,trigram,1,33324,0.22599283854166666,44763,0.07589213053385417,1.5746423938745329,42,data/runs_fixed/nglab2x_input_v5_freq10_fixed
2.0,nglab2x_input_v5_freq10,2000,trigram,2,12513,0.08485921223958333,27116,0.04597303602430555,1.4729724972340672,42,data/runs_fixed/nglab2x_input_v5_freq10_fixed
2.0,nglab2x_input_v5_freq10,2000,trigram,3,7458,0.050577799479166664,19666,0.03334214952256945,1.3622064425549163,42,data/runs_fixed/nglab2x_input_v5_freq10_fixed
2.0,nglab2x_input_v5_freq10,2000,trigram,4,5286,0.035847981770833336,15102,0.025604248046875,1.3924111493430864,42,data/runs_fixed/nglab2x_input_v5_freq10_fixed
2.0,nglab2x_input_v5_freq10,2000,trigram,5,4070,0.027601453993055556,12470,0.021141899956597224,1.230184752380855,42,data/runs_fixed/nglab2x_input_v5_freq10_fixed
2.0,nglab2x_input_v5_freq10,2000,trigram,6-8,8307,0.05633544921875,28018,0.04750230577256945,1.1504951084572008,42,data/runs_fixed/nglab2x_input_v5_freq10_fixed
2.0,nglab2x_input_v5_freq10,2000,trigram,9-12,7251,0.049173990885416664,25630,0.04345364040798611,1.0918467967088512,42,data/runs_fixed/nglab2x_input_v5_freq10_fixed
2.0,nglab2x_input_v5_freq10,2000,trigram,13-20,9164,0.06214735243055555,33542,0.05686781141493055,0.9054142619021177,42,data/runs_fixed/nglab2x_input_v5_freq10_fixed
2.0,nglab2x_input_v5_freq10,2000,trigram,21-30,7134,0.048380533854166664,27367,0.04639858669704861,0.9128454531195542,42,data/runs_fixed/nglab2x_input_v5_freq10_fixed
2.0,nglab2x_input_v5_freq10,2000,trigram,31-50,8785,0.059577094184027776,33716,0.05716281467013889,0.8020290549761815,42,data/runs_fixed/nglab2x_input_v5_freq10_fixed
2.0,nglab2x_input_v5_freq10,2000,trigram,51-75,6849,0.04644775390625,26714,0.04529147677951389,0.7066894055162729,42,data/runs_fixed/nglab2x_input_v5_freq10_fixed
2.0,nglab2x_input_v5_freq10,2000,trigram,76-100,4595,0.031161838107638888,17919,0.0303802490234375,0.6812638071398189,42,data/runs_fixed/nglab2x_input_v5_freq10_fixed
2.0,nglab2x_input_v5_freq10,2000,trigram,101-150,5927,0.04019504123263889,23495,0.039833916558159724,0.6928960665024153,42,data/runs_fixed/nglab2x_input_v5_freq10_fixed
2.0,nglab2x_input_v5_freq10,2000,trigram,151-200,3952,0.026801215277777776,15155,0.025694105360243056,0.5420999901012746,42,data/runs_fixed/nglab2x_input_v5_freq10_fixed
2.0,nglab2x_input_v5_freq10,2000,trigram,201-300,4842,0.0328369140625,19103,0.032387627495659724,0.5696683016858781,42,data/runs_fixed/nglab2x_input_v5_freq10_fixed
2.0,nglab2x_input_v5_freq10,2000,trigram,301-500,5146,0.03489854600694445,20060,0.03401014539930555,0.5785104583828544,42,data/runs_fixed/nglab2x_input_v5_freq10_fixed
2.0,nglab2x_input_v5_freq10,2000,trigram,501-750,3436,0.023301866319444444,13033,0.022096421983506944,0.518715336265605,42,data/runs_fixed/nglab2x_input_v5_freq10_fixed
2.0,nglab2x_input_v5_freq10,2000,trigram,751-1k,1855,0.012580023871527778,7254,0.012298583984375,0.5130356675906769,42,data/runs_fixed/nglab2x_input_v5_freq10_fixed
2.0,nglab2x_input_v5_freq10,2000,trigram,1k-2k,3207,0.021748860677083332,12637,0.021425035264756944,0.5507589803437316,42,data/runs_fixed/nglab2x_input_v5_freq10_fixed
2.0,nglab2x_input_v5_freq10,2000,trigram,2k-5k,2148,0.014567057291666666,8354,0.014163547092013888,0.4037034787248128,42,data/runs_fixed/nglab2x_input_v5_freq10_fixed
2.0,nglab2x_input_v5_freq10,2000,trigram,5k-10k,843,0.005716959635416667,3385,0.005739000108506944,0.35534811927066245,42,data/runs_fixed/nglab2x_input_v5_freq10_fixed
2.0,nglab2x_input_v5_freq10,2000,trigram,10k+,1252,0.008490668402777778,5320,0.009019639756944444,0.11277351512997802,42,data/runs_fixed/nglab2x_input_v5_freq10_fixed
2.5,nglab2_5x_input_v5_freq10,2000,bigram,novel,0,0.0,14674,0.024878607855902776,,42,data/runs_fixed/nglab2_5x_input_v5_freq10_fixed
2.5,nglab2_5x_input_v5_freq10,2000,bigram,1,2991,0.020284016927083332,8895,0.015080769856770834,2.4107253865930054,42,data/runs_fixed/nglab2_5x_input_v5_freq10_fixed
2.5,nglab2_5x_input_v5_freq10,2000,bigram,2,2092,0.014187282986111112,6459,0.010950724283854166,2.122828160165188,42,data/runs_fixed/nglab2_5x_input_v5_freq10_fixed
2.5,nglab2_5x_input_v5_freq10,2000,bigram,3,1593,0.01080322265625,5228,0.008863661024305556,2.2299748906948613,42,data/runs_fixed/nglab2_5x_input_v5_freq10_fixed
2.5,nglab2_5x_input_v5_freq10,2000,bigram,4,1318,0.008938259548611112,4541,0.007698906792534722,1.921870717721243,42,data/runs_fixed/nglab2_5x_input_v5_freq10_fixed
2.5,nglab2_5x_input_v5_freq10,2000,bigram,5,1212,0.008219401041666666,4078,0.006913926866319444,1.948393812475806,42,data/runs_fixed/nglab2_5x_input_v5_freq10_fixed
2.5,nglab2_5x_input_v5_freq10,2000,bigram,6-8,2835,0.01922607421875,10017,0.0169830322265625,1.7649748765442732,42,data/runs_fixed/nglab2_5x_input_v5_freq10_fixed
2.5,nglab2_5x_input_v5_freq10,2000,bigram,9-12,2780,0.018853081597222224,10012,0.016974555121527776,1.6474265714531255,42,data/runs_fixed/nglab2_5x_input_v5_freq10_fixed
2.5,nglab2_5x_input_v5_freq10,2000,bigram,13-20,4152,0.028157552083333332,15242,0.025841606987847224,1.4781434094173735,42,data/runs_fixed/nglab2_5x_input_v5_freq10_fixed
2.5,nglab2_5x_input_v5_freq10,2000,bigram,21-30,3767,0.025546603732638888,13996,0.023729112413194444,1.330857948332497,42,data/runs_fixed/nglab2_5x_input_v5_freq10_fixed
2.5,nglab2_5x_input_v5_freq10,2000,bigram,31-50,5631,0.038187662760416664,20789,0.03524610731336805,1.1619080132484436,42,data/runs_fixed/nglab2_5x_input_v5_freq10_fixed
2.5,nglab2_5x_input_v5_freq10,2000,bigram,51-75,4963,0.03365749782986111,19787,0.033547295464409724,1.0358498329978052,42,data/runs_fixed/nglab2_5x_input_v5_freq10_fixed
2.5,nglab2_5x_input_v5_freq10,2000,bigram,76-100,3958,0.026841905381944444,15637,0.026511298285590276,0.8513081379845251,42,data/runs_fixed/nglab2_5x_input_v5_freq10_fixed
2.5,nglab2_5x_input_v5_freq10,2000,bigram,101-150,6561,0.04449462890625,24284,0.04117160373263889,0.8969288570040881,42,data/runs_fixed/nglab2_5x_input_v5_freq10_fixed
2.5,nglab2_5x_input_v5_freq10,2000,bigram,151-200,5315,0.03604465060763889,20449,0.03466966417100695,0.6981081331516079,42,data/runs_fixed/nglab2_5x_input_v5_freq10_fixed
2.5,nglab2_5x_input_v5_freq10,2000,bigram,201-300,8152,0.05528428819444445,31692,0.053731282552083336,0.7555641819771579,42,data/runs_fixed/nglab2_5x_input_v5_freq10_fixed
2.5,nglab2_5x_input_v5_freq10,2000,bigram,301-500,11820,0.08015950520833333,45927,0.0778656005859375,0.7107545342519095,42,data/runs_fixed/nglab2_5x_input_v5_freq10_fixed
2.5,nglab2_5x_input_v5_freq10,2000,bigram,501-750,10606,0.0719265407986111,41992,0.0711941189236111,0.5670456531938526,42,data/runs_fixed/nglab2_5x_input_v5_freq10_fixed
2.5,nglab2_5x_input_v5_freq10,2000,bigram,751-1k,8209,0.055670844184027776,31864,0.054022894965277776,0.6423959939629644,42,data/runs_fixed/nglab2_5x_input_v5_freq10_fixed
2.5,nglab2_5x_input_v5_freq10,2000,bigram,1k-2k,20538,0.1392822265625,82531,0.13992479112413195,0.5132959000993416,42,data/runs_fixed/nglab2_5x_input_v5_freq10_fixed
2.5,nglab2_5x_input_v5_freq10,2000,bigram,2k-5k,14385,0.09755452473958333,59106,0.10020955403645833,0.5392387323726751,42,data/runs_fixed/nglab2_5x_input_v5_freq10_fixed
2.5,nglab2_5x_input_v5_freq10,2000,bigram,5k-10k,7356,0.049886067708333336,29307,0.049687703450520836,0.4866614479030047,42,data/runs_fixed/nglab2_5x_input_v5_freq10_fixed
2.5,nglab2_5x_input_v5_freq10,2000,bigram,10k+,17222,0.1167941623263889,73317,0.12430318196614583,0.45764960783434416,42,data/runs_fixed/nglab2_5x_input_v5_freq10_fixed
2.5,nglab2_5x_input_v5_freq10,2000,trigram,novel,106,0.0007188585069444445,141648,0.24015299479166666,-0.796855675822854,42,data/runs_fixed/nglab2_5x_input_v5_freq10_fixed
2.5,nglab2_5x_input_v5_freq10,2000,trigram,1,31097,0.21089002821180555,42503,0.07206047905815972,1.1776632849998192,42,data/runs_fixed/nglab2_5x_input_v5_freq10_fixed
2.5,nglab2_5x_input_v5_freq10,2000,trigram,2,12028,0.0815700954861111,26024,0.044121636284722224,1.1578075862482784,42,data/runs_fixed/nglab2_5x_input_v5_freq10_fixed
2.5,nglab2_5x_input_v5_freq10,2000,trigram,3,7117,0.04826524522569445,18561,0.031468709309895836,1.0188848062388032,42,data/runs_fixed/nglab2_5x_input_v5_freq10_fixed
2.5,nglab2_5x_input_v5_freq10,2000,trigram,4,5006,0.03394911024305555,14650,0.024837917751736112,1.0039752594081195,42,data/runs_fixed/nglab2_5x_input_v5_freq10_fixed
2.5,nglab2_5x_input_v5_freq10,2000,trigram,5,3840,0.026041666666666668,12308,0.020867241753472224,0.8357296614711549,42,data/runs_fixed/nglab2_5x_input_v5_freq10_fixed
2.5,nglab2_5x_input_v5_freq10,2000,trigram,6-8,8594,0.058281792534722224,27417,0.046483357747395836,0.8686127532283776,42,data/runs_fixed/nglab2_5x_input_v5_freq10_fixed
2.5,nglab2_5x_input_v5_freq10,2000,trigram,9-12,7235,0.049065483940972224,24795,0.0420379638671875,0.7763586245064467,42,data/runs_fixed/nglab2_5x_input_v5_freq10_fixed
2.5,nglab2_5x_input_v5_freq10,2000,trigram,13-20,9171,0.06219482421875,32565,0.055211385091145836,0.7093480031673791,42,data/runs_fixed/nglab2_5x_input_v5_freq10_fixed
2.5,nglab2_5x_input_v5_freq10,2000,trigram,21-30,7304,0.04953342013888889,26712,0.0452880859375,0.6224877912187354,42,data/runs_fixed/nglab2_5x_input_v5_freq10_fixed
2.5,nglab2_5x_input_v5_freq10,2000,trigram,31-50,8936,0.060601128472222224,34251,0.058069864908854164,0.5762050031139161,42,data/runs_fixed/nglab2_5x_input_v5_freq10_fixed
2.5,nglab2_5x_input_v5_freq10,2000,trigram,51-75,6782,0.04599338107638889,26514,0.044952392578125,0.5450385982864923,42,data/runs_fixed/nglab2_5x_input_v5_freq10_fixed
2.5,nglab2_5x_input_v5_freq10,2000,trigram,76-100,4699,0.031867133246527776,18434,0.03125339084201389,0.46629735723477683,42,data/runs_fixed/nglab2_5x_input_v5_freq10_fixed
2.5,nglab2_5x_input_v5_freq10,2000,trigram,101-150,6242,0.04233127170138889,24531,0.041590372721354164,0.3980743505804343,42,data/runs_fixed/nglab2_5x_input_v5_freq10_fixed
2.5,nglab2_5x_input_v5_freq10,2000,trigram,151-200,4186,0.028388129340277776,16229,0.027514987521701388,0.4304897523406024,42,data/runs_fixed/nglab2_5x_input_v5_freq10_fixed
2.5,nglab2_5x_input_v5_freq10,2000,trigram,201-300,5399,0.036614312065972224,20841,0.035334269205729164,0.34263658107795214,42,data/runs_fixed/nglab2_5x_input_v5_freq10_fixed
2.5,nglab2_5x_input_v5_freq10,2000,trigram,301-500,5436,0.036865234375,21986,0.03727552625868055,0.4139816960558851,42,data/runs_fixed/nglab2_5x_input_v5_freq10_fixed
2.5,nglab2_5x_input_v5_freq10,2000,trigram,501-750,3573,0.02423095703125,14859,0.0251922607421875,0.25133184721298196,42,data/runs_fixed/nglab2_5x_input_v5_freq10_fixed
2.5,nglab2_5x_input_v5_freq10,2000,trigram,751-1k,2161,0.014655219184027778,8773,0.014873928493923612,0.370155082060442,42,data/runs_fixed/nglab2_5x_input_v5_freq10_fixed
2.5,nglab2_5x_input_v5_freq10,2000,trigram,1k-2k,3722,0.025241427951388888,15352,0.026028103298611112,0.2366938042532678,42,data/runs_fixed/nglab2_5x_input_v5_freq10_fixed
2.5,nglab2_5x_input_v5_freq10,2000,trigram,2k-5k,2389,0.016201443142361112,9744,0.016520182291666668,0.22926061912800177,42,data/runs_fixed/nglab2_5x_input_v5_freq10_fixed
2.5,nglab2_5x_input_v5_freq10,2000,trigram,5k-10k,1088,0.007378472222222222,4630,0.007849799262152778,0.09772821290502609,42,data/runs_fixed/nglab2_5x_input_v5_freq10_fixed
2.5,nglab2_5x_input_v5_freq10,2000,trigram,10k+,1345,0.009121365017361112,6497,0.011015150282118056,0.0546316442131376,42,data/runs_fixed/nglab2_5x_input_v5_freq10_fixed
3.0,nglab3x_input_v5_freq10,2000,bigram,novel,0,0.0,13185,0.0223541259765625,,42,data/runs_fixed/nglab3x_input_v5_freq10_fixed
3.0,nglab3x_input_v5_freq10,2000,bigram,1,2831,0.019198947482638888,8020,0.013597276475694444,0.7376271517749955,42,data/runs_fixed/nglab3x_input_v5_freq10_fixed
3.0,nglab3x_input_v5_freq10,2000,bigram,2,2060,0.013970269097222222,6064,0.010281032986111112,0.7542487534208586,42,data/runs_fixed/nglab3x_input_v5_freq10_fixed
3.0,nglab3x_input_v5_freq10,2000,bigram,3,1547,0.010491265190972222,4897,0.008302476671006944,0.7883687684202525,42,data/runs_fixed/nglab3x_input_v5_freq10_fixed
3.0,nglab3x_input_v5_freq10,2000,bigram,4,1288,0.008734809027777778,4197,0.007115681966145833,0.8063122541995669,42,data/runs_fixed/nglab3x_input_v5_freq10_fixed
3.0,nglab3x_input_v5_freq10,2000,bigram,5,1102,0.007473415798611111,3662,0.006208631727430556,0.6957946481626962,42,data/runs_fixed/nglab3x_input_v5_freq10_fixed
3.0,nglab3x_input_v5_freq10,2000,bigram,6-8,2614,0.017727322048611112,9505,0.016114976671006944,0.7682804091898299,42,data/runs_fixed/nglab3x_input_v5_freq10_fixed
3.0,nglab3x_input_v5_freq10,2000,bigram,9-12,2671,0.018113878038194444,9470,0.016055636935763888,0.5185479330065039,42,data/runs_fixed/nglab3x_input_v5_freq10_fixed
3.0,nglab3x_input_v5_freq10,2000,bigram,13-20,3899,0.026441786024305556,14258,0.024173312717013888,0.5681466622498736,42,data/runs_fixed/nglab3x_input_v5_freq10_fixed
3.0,nglab3x_input_v5_freq10,2000,bigram,21-30,3613,0.024502224392361112,13400,0.022718641493055556,0.5839339943877233,42,data/runs_fixed/nglab3x_input_v5_freq10_fixed
3.0,nglab3x_input_v5_freq10,2000,bigram,31-50,4988,0.03382703993055555,19682,0.03336927625868055,0.3050702887924843,42,data/runs_fixed/nglab3x_input_v5_freq10_fixed
3.0,nglab3x_input_v5_freq10,2000,bigram,51-75,4562,0.030938042534722224,18303,0.031031290690104168,0.3702467619573002,42,data/runs_fixed/nglab3x_input_v5_freq10_fixed
3.0,nglab3x_input_v5_freq10,2000,bigram,76-100,3657,0.024800618489583332,14794,0.025082058376736112,0.3453569378596981,42,data/runs_fixed/nglab3x_input_v5_freq10_fixed
3.0,nglab3x_input_v5_freq10,2000,bigram,101-150,5992,0.04063585069444445,22922,0.03886244032118055,0.24233592352228195,42,data/runs_fixed/nglab3x_input_v5_freq10_fixed
3.0,nglab3x_input_v5_freq10,2000,bigram,151-200,4704,0.031901041666666664,18899,0.03204176161024305,0.2799098209782591,42,data/runs_fixed/nglab3x_input_v5_freq10_fixed
3.0,nglab3x_input_v5_freq10,2000,bigram,201-300,7676,0.052056206597222224,30022,0.05089992947048611,0.2806094527515879,42,data/runs_fixed/nglab3x_input_v5_freq10_fixed
3.0,nglab3x_input_v5_freq10,2000,bigram,301-500,11009,0.07465955946180555,43955,0.07452223036024305,0.2381381214233027,42,data/runs_fixed/nglab3x_input_v5_freq10_fixed
3.0,nglab3x_input_v5_freq10,2000,bigram,501-750,9812,0.06654188368055555,39689,0.06728956434461805,0.18516970138230304,42,data/runs_fixed/nglab3x_input_v5_freq10_fixed
3.0,nglab3x_input_v5_freq10,2000,bigram,751-1k,7734,0.052449544270833336,31106,0.05273776584201389,0.10151024408712761,42,data/runs_fixed/nglab3x_input_v5_freq10_fixed
3.0,nglab3x_input_v5_freq10,2000,bigram,1k-2k,19691,0.1335381401909722,80478,0.136444091796875,0.1458137733182685,42,data/runs_fixed/nglab3x_input_v5_freq10_fixed
3.0,nglab3x_input_v5_freq10,2000,bigram,2k-5k,17850,0.12105305989583333,71673,0.12151590983072917,0.14812700532945433,42,data/runs_fixed/nglab3x_input_v5_freq10_fixed
3.0,nglab3x_input_v5_freq10,2000,bigram,5k-10k,8117,0.055046929253472224,31864,0.054022894965277776,0.17840582463015675,42,data/runs_fixed/nglab3x_input_v5_freq10_fixed
3.0,nglab3x_input_v5_freq10,2000,bigram,10k+,20039,0.1358981662326389,79779,0.13525899251302084,0.12216664606534078,42,data/runs_fixed/nglab3x_input_v5_freq10_fixed
3.0,nglab3x_input_v5_freq10,2000,trigram,novel,103,0.0006985134548611111,133825,0.2268897162543403,-0.7675919239361262,42,data/runs_fixed/nglab3x_input_v5_freq10_fixed
3.0,nglab3x_input_v5_freq10,2000,trigram,1,30351,0.20583089192708334,41164,0.0697903103298611,0.32486546802257665,42,data/runs_fixed/nglab3x_input_v5_freq10_fixed
3.0,nglab3x_input_v5_freq10,2000,trigram,2,11449,0.07764350043402778,25269,0.042841593424479164,0.4037914922093684,42,data/runs_fixed/nglab3x_input_v5_freq10_fixed
3.0,nglab3x_input_v5_freq10,2000,trigram,3,6793,0.04606797960069445,18044,0.030592176649305556,0.3702287650699043,42,data/runs_fixed/nglab3x_input_v5_freq10_fixed
3.0,nglab3x_input_v5_freq10,2000,trigram,4,4969,0.033698187934027776,14236,0.024136013454861112,0.2818241128666408,42,data/runs_fixed/nglab3x_input_v5_freq10_fixed
3.0,nglab3x_input_v5_freq10,2000,trigram,5,4016,0.027235243055555556,11999,0.020343356662326388,0.30845517795041477,42,data/runs_fixed/nglab3x_input_v5_freq10_fixed
3.0,nglab3x_input_v5_freq10,2000,trigram,6-8,7940,0.05384657118055555,27001,0.04577806260850695,0.3463084080919634,42,data/runs_fixed/nglab3x_input_v5_freq10_fixed
3.0,nglab3x_input_v5_freq10,2000,trigram,9-12,7165,0.048590766059027776,24988,0.042365180121527776,0.3092874538819457,42,data/runs_fixed/nglab3x_input_v5_freq10_fixed
3.0,nglab3x_input_v5_freq10,2000,trigram,13-20,8750,0.05933973524305555,32496,0.055094401041666664,0.24824097621669639,42,data/runs_fixed/nglab3x_input_v5_freq10_fixed
3.0,nglab3x_input_v5_freq10,2000,trigram,21-30,7241,0.04910617404513889,26253,0.0445098876953125,0.3043586740935029,42,data/runs_fixed/nglab3x_input_v5_freq10_fixed
3.0,nglab3x_input_v5_freq10,2000,trigram,31-50,8648,0.058648003472222224,34351,0.05823940700954861,0.18525004853341276,42,data/runs_fixed/nglab3x_input_v5_freq10_fixed
3.0,nglab3x_input_v5_freq10,2000,trigram,51-75,6845,0.04642062717013889,26631,0.0451507568359375,0.12707300043790237,42,data/runs_fixed/nglab3x_input_v5_freq10_fixed
3.0,nglab3x_input_v5_freq10,2000,trigram,76-100,4576,0.031032986111111112,18896,0.032036675347222224,0.10981263738736269,42,data/runs_fixed/nglab3x_input_v5_freq10_fixed
3.0,nglab3x_input_v5_freq10,2000,trigram,101-150,6428,0.04359266493055555,25319,0.04292636447482639,0.12868666766447845,42,data/runs_fixed/nglab3x_input_v5_freq10_fixed
3.0,nglab3x_input_v5_freq10,2000,trigram,151-200,4307,0.029208713107638888,17026,0.028866238064236112,0.08871905355969201,42,data/runs_fixed/nglab3x_input_v5_freq10_fixed
3.0,nglab3x_input_v5_freq10,2000,trigram,201-300,5649,0.038309733072916664,21819,0.036992390950520836,0.005484070145477027,42,data/runs_fixed/nglab3x_input_v5_freq10_fixed
3.0,nglab3x_input_v5_freq10,2000,trigram,301-500,5779,0.039191351996527776,23645,0.04008822970920139,0.005875599302747503,42,data/runs_fixed/nglab3x_input_v5_freq10_fixed
3.0,nglab3x_input_v5_freq10,2000,trigram,501-750,3804,0.025797526041666668,15806,0.026797824435763888,0.0723254438756431,42,data/runs_fixed/nglab3x_input_v5_freq10_fixed
3.0,nglab3x_input_v5_freq10,2000,trigram,751-1k,2348,0.015923394097222224,9490,0.016089545355902776,-0.026544496420466412,42,data/runs_fixed/nglab3x_input_v5_freq10_fixed
3.0,nglab3x_input_v5_freq10,2000,trigram,1k-2k,4338,0.0294189453125,17658,0.029937744140625,0.007483075869843869,42,data/runs_fixed/nglab3x_input_v5_freq10_fixed
3.0,nglab3x_input_v5_freq10,2000,trigram,2k-5k,2912,0.019748263888888888,11213,0.019010755750868056,0.1401326078186389,42,data/runs_fixed/nglab3x_input_v5_freq10_fixed
3.0,nglab3x_input_v5_freq10,2000,trigram,5k-10k,1292,0.008761935763888888,5348,0.009067111545138888,-0.15168844494500755,42,data/runs_fixed/nglab3x_input_v5_freq10_fixed
3.0,nglab3x_input_v5_freq10,2000,trigram,10k+,1753,0.011888292100694444,7347,0.012456258138020834,-0.023104477903963083,42,data/runs_fixed/nglab3x_input_v5_freq10_fixed
4.0,nglab4x_input_v5_freq10,2000,bigram,novel,0,0.0,10552,0.017890082465277776,,42,data/runs_fixed/nglab4x_input_v5_freq10_fixed
4.0,nglab4x_input_v5_freq10,2000,bigram,1,2141,0.014519585503472222,6561,0.0111236572265625,0.5656679436792293,42,data/runs_fixed/nglab4x_input_v5_freq10_fixed
4.0,nglab4x_input_v5_freq10,2000,bigram,2,1561,0.010586208767361112,5176,0.008775499131944444,0.671909322619586,42,data/runs_fixed/nglab4x_input_v5_freq10_fixed
4.0,nglab4x_input_v5_freq10,2000,bigram,3,1245,0.008443196614583334,4322,0.007327609592013889,0.8346606743281595,42,data/runs_fixed/nglab4x_input_v5_freq10_fixed
4.0,nglab4x_input_v5_freq10,2000,bigram,4,1074,0.007283528645833333,3720,0.006306966145833333,0.6382967831841095,42,data/runs_fixed/nglab4x_input_v5_freq10_fixed
4.0,nglab4x_input_v5_freq10,2000,bigram,5,916,0.006212022569444444,3263,0.005532158745659722,0.5883000470235946,42,data/runs_fixed/nglab4x_input_v5_freq10_fixed
4.0,nglab4x_input_v5_freq10,2000,bigram,6-8,2281,0.015469021267361112,8270,0.014021131727430556,0.5169966954604313,42,data/runs_fixed/nglab4x_input_v5_freq10_fixed
4.0,nglab4x_input_v5_freq10,2000,bigram,9-12,2303,0.015618218315972222,8458,0.014339870876736112,0.494757982432215,42,data/runs_fixed/nglab4x_input_v5_freq10_fixed
4.0,nglab4x_input_v5_freq10,2000,bigram,13-20,3405,0.023091634114583332,13123,0.022249009874131944,0.42422808168273773,42,data/runs_fixed/nglab4x_input_v5_freq10_fixed
4.0,nglab4x_input_v5_freq10,2000,bigram,21-30,3218,0.021823459201388888,12417,0.021052042643229168,0.32346369015463194,42,data/runs_fixed/nglab4x_input_v5_freq10_fixed
4.0,nglab4x_input_v5_freq10,2000,bigram,31-50,4505,0.030551486545138888,17998,0.030514187282986112,0.30716048562366494,42,data/runs_fixed/nglab4x_input_v5_freq10_fixed
4.0,nglab4x_input_v5_freq10,2000,bigram,51-75,4272,0.028971354166666668,16842,0.028554280598958332,0.3228689761616965,42,data/runs_fixed/nglab4x_input_v5_freq10_fixed
4.0,nglab4x_input_v5_freq10,2000,bigram,76-100,3231,0.02191162109375,13414,0.022742377387152776,0.2480805242097346,42,data/runs_fixed/nglab4x_input_v5_freq10_fixed
4.0,nglab4x_input_v5_freq10,2000,bigram,101-150,5358,0.036336263020833336,21716,0.03681776258680555,0.19177152607571601,42,data/runs_fixed/nglab4x_input_v5_freq10_fixed
4.0,nglab4x_input_v5_freq10,2000,bigram,151-200,4250,0.028822157118055556,17024,0.028862847222222224,0.14295868159507652,42,data/runs_fixed/nglab4x_input_v5_freq10_fixed
4.0,nglab4x_input_v5_freq10,2000,bigram,201-300,6817,0.04623074001736111,27063,0.0458831787109375,0.13047905081714317,42,data/runs_fixed/nglab4x_input_v5_freq10_fixed
4.0,nglab4x_input_v5_freq10,2000,bigram,301-500,9917,0.06725396050347222,40062,0.06792195638020833,0.19077804980796387,42,data/runs_fixed/nglab4x_input_v5_freq10_fixed
4.0,nglab4x_input_v5_freq10,2000,bigram,501-750,9327,0.06325276692708333,37362,0.06334431966145833,0.15259791160813485,42,data/runs_fixed/nglab4x_input_v5_freq10_fixed
4.0,nglab4x_input_v5_freq10,2000,bigram,751-1k,7506,0.0509033203125,29248,0.04958767361111111,0.161143481518081,42,data/runs_fixed/nglab4x_input_v5_freq10_fixed
4.0,nglab4x_input_v5_freq10,2000,bigram,1k-2k,19079,0.1293877495659722,76321,0.12939622667100695,0.10569634443650733,42,data/runs_fixed/nglab4x_input_v5_freq10_fixed
4.0,nglab4x_input_v5_freq10,2000,bigram,2k-5k,22752,0.154296875,90930,0.15416463216145834,0.11055678791841528,42,data/runs_fixed/nglab4x_input_v5_freq10_fixed
4.0,nglab4x_input_v5_freq10,2000,bigram,5k-10k,8815,0.05978054470486111,34213,0.058005438910590276,0.19176439016384306,42,data/runs_fixed/nglab4x_input_v5_freq10_fixed
4.0,nglab4x_input_v5_freq10,2000,bigram,10k+,23483,0.15925428602430555,91769,0.1555870903862847,0.14322683890509946,42,data/runs_fixed/nglab4x_input_v5_freq10_fixed
4.0,nglab4x_input_v5_freq10,2000,trigram,novel,98,0.0006646050347222222,119825,0.20315382215711805,-0.7099866306727178,42,data/runs_fixed/nglab4x_input_v5_freq10_fixed
4.0,nglab4x_input_v5_freq10,2000,trigram,1,26090,0.1769341362847222,38913,0.06597391764322917,0.20035867649629058,42,data/runs_fixed/nglab4x_input_v5_freq10_fixed
4.0,nglab4x_input_v5_freq10,2000,trigram,2,10516,0.0713161892361111,24086,0.04083591037326389,0.35728861283058855,42,data/runs_fixed/nglab4x_input_v5_freq10_fixed
4.0,nglab4x_input_v5_freq10,2000,trigram,3,6475,0.04391140407986111,17805,0.030186971028645832,0.3115341968108245,42,data/runs_fixed/nglab4x_input_v5_freq10_fixed
4.0,nglab4x_input_v5_freq10,2000,trigram,4,4619,0.03132459852430555,13793,0.023384941948784724,0.35372621607097354,42,data/runs_fixed/nglab4x_input_v5_freq10_fixed
4.0,nglab4x_input_v5_freq10,2000,trigram,5,3653,0.024773491753472224,11372,0.019280327690972224,0.2606732076984932,42,data/runs_fixed/nglab4x_input_v5_freq10_fixed
4.0,nglab4x_input_v5_freq10,2000,trigram,6-8,7909,0.05363633897569445,25840,0.04380967881944445,0.19935125112030105,42,data/runs_fixed/nglab4x_input_v5_freq10_fixed
4.0,nglab4x_input_v5_freq10,2000,trigram,9-12,6892,0.04673936631944445,24240,0.041097005208333336,0.2801197198205507,42,data/runs_fixed/nglab4x_input_v5_freq10_fixed
4.0,nglab4x_input_v5_freq10,2000,trigram,13-20,9073,0.061530219184027776,32310,0.054779052734375,0.17214496365237286,42,data/runs_fixed/nglab4x_input_v5_freq10_fixed
4.0,nglab4x_input_v5_freq10,2000,trigram,21-30,7005,0.047505696614583336,26687,0.04524570041232639,0.14164715799712946,42,data/runs_fixed/nglab4x_input_v5_freq10_fixed
4.0,nglab4x_input_v5_freq10,2000,trigram,31-50,9225,0.06256103515625,34297,0.05814785427517361,0.21997305478083673,42,data/runs_fixed/nglab4x_input_v5_freq10_fixed
4.0,nglab4x_input_v5_freq10,2000,trigram,51-75,6963,0.047220865885416664,26994,0.045766194661458336,0.15435809951207657,42,data/runs_fixed/nglab4x_input_v5_freq10_fixed
4.0,nglab4x_input_v5_freq10,2000,trigram,76-100,5043,0.034200032552083336,19296,0.03271484375,0.05162502289974924,42,data/runs_fixed/nglab4x_input_v5_freq10_fixed
4.0,nglab4x_input_v5_freq10,2000,trigram,101-150,6466,0.04385036892361111,26913,0.045628865559895836,0.022284964970715748,42,data/runs_fixed/nglab4x_input_v5_freq10_fixed
4.0,nglab4x_input_v5_freq10,2000,trigram,151-200,4551,0.030863444010416668,17566,0.029781765407986112,-0.03138434603039775,42,data/runs_fixed/nglab4x_input_v5_freq10_fixed
4.0,nglab4x_input_v5_freq10,2000,trigram,201-300,5986,0.040595160590277776,23510,0.03985934787326389,0.06130625327656647,42,data/runs_fixed/nglab4x_input_v5_freq10_fixed
4.0,nglab4x_input_v5_freq10,2000,trigram,301-500,6625,0.044928656684027776,26895,0.045598347981770836,0.0909608759571503,42,data/runs_fixed/nglab4x_input_v5_freq10_fixed
4.0,nglab4x_input_v5_freq10,2000,trigram,501-750,4353,0.029520670572916668,17631,0.0298919677734375,-0.00461414054200171,42,data/runs_fixed/nglab4x_input_v5_freq10_fixed
4.0,nglab4x_input_v5_freq10,2000,trigram,751-1k,2899,0.019660101996527776,11139,0.018885294596354168,0.02745198295697282,42,data/runs_fixed/nglab4x_input_v5_freq10_fixed
4.0,nglab4x_input_v5_freq10,2000,trigram,1k-2k,5323,0.03609890407986111,20742,0.035166422526041664,0.015223505064402065,42,data/runs_fixed/nglab4x_input_v5_freq10_fixed
4.0,nglab4x_input_v5_freq10,2000,trigram,2k-5k,3825,0.02593994140625,14843,0.025165134006076388,0.16814599661971386,42,data/runs_fixed/nglab4x_input_v5_freq10_fixed
4.0,nglab4x_input_v5_freq10,2000,trigram,5k-10k,1595,0.010816786024305556,5991,0.010157267252604166,0.16919576792359425,42,data/runs_fixed/nglab4x_input_v5_freq10_fixed
4.0,nglab4x_input_v5_freq10,2000,trigram,10k+,2272,0.015407986111111112,9136,0.015489366319444444,-0.07753903610242308,42,data/runs_fixed/nglab4x_input_v5_freq10_fixed
5.0,nglab5x_input_v5_freq10,2000,bigram,novel,0,0.0,9503,0.016111585828993056,,42,data/runs_fixed/nglab5x_input_v5_freq10_fixed
5.0,nglab5x_input_v5_freq10,2000,bigram,1,1878,0.012736002604166666,6239,0.010577731662326388,0.10751327776328434,42,data/runs_fixed/nglab5x_input_v5_freq10_fixed
5.0,nglab5x_input_v5_freq10,2000,bigram,2,1392,0.009440104166666666,4743,0.0080413818359375,0.3422368317060309,42,data/runs_fixed/nglab5x_input_v5_freq10_fixed
5.0,nglab5x_input_v5_freq10,2000,bigram,3,1163,0.007887098524305556,3982,0.006751166449652778,0.3857724089084136,42,data/runs_fixed/nglab5x_input_v5_freq10_fixed
5.0,nglab5x_input_v5_freq10,2000,bigram,4,976,0.006618923611111111,3402,0.005767822265625,0.37754250147047275,42,data/runs_fixed/nglab5x_input_v5_freq10_fixed
5.0,nglab5x_input_v5_freq10,2000,bigram,5,873,0.00592041015625,3006,0.005096435546875,0.259509513439109,42,data/runs_fixed/nglab5x_input_v5_freq10_fixed
5.0,nglab5x_input_v5_freq10,2000,bigram,6-8,2091,0.014180501302083334,7736,0.013115776909722222,0.3490065128450768,42,data/runs_fixed/nglab5x_input_v5_freq10_fixed
5.0,nglab5x_input_v5_freq10,2000,bigram,9-12,2087,0.014153374565972222,7881,0.013361612955729166,0.263160861391615,42,data/runs_fixed/nglab5x_input_v5_freq10_fixed
5.0,nglab5x_input_v5_freq10,2000,bigram,13-20,3167,0.021477593315972224,11971,0.020295884874131944,0.26577588266572505,42,data/runs_fixed/nglab5x_input_v5_freq10_fixed
5.0,nglab5x_input_v5_freq10,2000,bigram,21-30,2971,0.020148383246527776,11491,0.019482082790798612,0.2705141034041483,42,data/runs_fixed/nglab5x_input_v5_freq10_fixed
5.0,nglab5x_input_v5_freq10,2000,bigram,31-50,4139,0.028069390190972224,16955,0.028745863172743056,0.15442524702740057,42,data/runs_fixed/nglab5x_input_v5_freq10_fixed
5.0,nglab5x_input_v5_freq10,2000,bigram,51-75,3845,0.026075575086805556,15192,0.0257568359375,0.12491678243248705,42,data/runs_fixed/nglab5x_input_v5_freq10_fixed
5.0,nglab5x_input_v5_freq10,2000,bigram,76-100,3077,0.020867241753472224,12462,0.021128336588541668,0.21214280083891524,42,data/runs_fixed/nglab5x_input_v5_freq10_fixed
5.0,nglab5x_input_v5_freq10,2000,bigram,101-150,5022,0.0340576171875,19835,0.03362867567274305,0.11331230470272624,42,data/runs_fixed/nglab5x_input_v5_freq10_fixed
5.0,nglab5x_input_v5_freq10,2000,bigram,151-200,4004,0.027153862847222224,15912,0.0269775390625,0.049003338566857124,42,data/runs_fixed/nglab5x_input_v5_freq10_fixed
5.0,nglab5x_input_v5_freq10,2000,bigram,201-300,6239,0.04231092664930555,25095,0.042546590169270836,0.07182934335971591,42,data/runs_fixed/nglab5x_input_v5_freq10_fixed
5.0,nglab5x_input_v5_freq10,2000,bigram,301-500,9179,0.062249077690972224,37095,0.06289164225260417,0.0374495748509176,42,data/runs_fixed/nglab5x_input_v5_freq10_fixed
5.0,nglab5x_input_v5_freq10,2000,bigram,501-750,8722,0.059149848090277776,34081,0.05778164333767361,0.18023032200489553,42,data/runs_fixed/nglab5x_input_v5_freq10_fixed
5.0,nglab5x_input_v5_freq10,2000,bigram,751-1k,6654,0.045125325520833336,26877,0.045567830403645836,0.016996444792709564,42,data/runs_fixed/nglab5x_input_v5_freq10_fixed
5.0,nglab5x_input_v5_freq10,2000,bigram,1k-2k,18377,0.12462700737847222,73463,0.12455071343315972,0.0560503954073317,42,data/runs_fixed/nglab5x_input_v5_freq10_fixed
5.0,nglab5x_input_v5_freq10,2000,bigram,2k-5k,26210,0.17774793836805555,105419,0.1787295871310764,0.05391050207152848,42,data/runs_fixed/nglab5x_input_v5_freq10_fixed
5.0,nglab5x_input_v5_freq10,2000,bigram,5k-10k,9252,0.062744140625,35309,0.05986362033420139,0.02818230273849265,42,data/runs_fixed/nglab5x_input_v5_freq10_fixed
5.0,nglab5x_input_v5_freq10,2000,bigram,10k+,26138,0.17725965711805555,102175,0.1732296413845486,-0.0016648707345190417,42,data/runs_fixed/nglab5x_input_v5_freq10_fixed
5.0,nglab5x_input_v5_freq10,2000,trigram,novel,100,0.0006781684027777778,114217,0.1936459011501736,-1.0438410751537028,42,data/runs_fixed/nglab5x_input_v5_freq10_fixed
5.0,nglab5x_input_v5_freq10,2000,trigram,1,24721,0.16765001085069445,37265,0.06317986382378472,0.003267429872332084,42,data/runs_fixed/nglab5x_input_v5_freq10_fixed
5.0,nglab5x_input_v5_freq10,2000,trigram,2,9989,0.06774224175347222,23006,0.03900485568576389,0.18496558545969277,42,data/runs_fixed/nglab5x_input_v5_freq10_fixed
5.0,nglab5x_input_v5_freq10,2000,trigram,3,6122,0.04151746961805555,16814,0.028506808810763888,0.21482044529917443,42,data/runs_fixed/nglab5x_input_v5_freq10_fixed
5.0,nglab5x_input_v5_freq10,2000,trigram,4,4472,0.030327690972222224,13519,0.022920396592881944,0.13496189203056552,42,data/runs_fixed/nglab5x_input_v5_freq10_fixed
5.0,nglab5x_input_v5_freq10,2000,trigram,5,3446,0.023369683159722224,11044,0.018724229600694444,0.13432066432383216,42,data/runs_fixed/nglab5x_input_v5_freq10_fixed
5.0,nglab5x_input_v5_freq10,2000,trigram,6-8,7615,0.051642523871527776,25417,0.04309251573350695,0.15174452595950072,42,data/runs_fixed/nglab5x_input_v5_freq10_fixed
5.0,nglab5x_input_v5_freq10,2000,trigram,9-12,6644,0.04505750868055555,23891,0.040505303276909724,0.15816568226912864,42,data/runs_fixed/nglab5x_input_v5_freq10_fixed
5.0,nglab5x_input_v5_freq10,2000,trigram,13-20,8739,0.05926513671875,31607,0.05358717176649305,0.08317311420795948,42,data/runs_fixed/nglab5x_input_v5_freq10_fixed
5.0,nglab5x_input_v5_freq10,2000,trigram,21-30,6998,0.04745822482638889,26178,0.044382731119791664,0.05995413588455545,42,data/runs_fixed/nglab5x_input_v5_freq10_fixed
5.0,nglab5x_input_v5_freq10,2000,trigram,31-50,8966,0.06080457899305555,33699,0.057133992513020836,0.12078366268336937,42,data/runs_fixed/nglab5x_input_v5_freq10_fixed
5.0,nglab5x_input_v5_freq10,2000,trigram,51-75,7061,0.04788547092013889,26880,0.045572916666666664,0.012655477284364558,42,data/runs_fixed/nglab5x_input_v5_freq10_fixed
5.0,nglab5x_input_v5_freq10,2000,trigram,76-100,5024,0.03407118055555555,19334,0.03277926974826389,0.10726382779661225,42,data/runs_fixed/nglab5x_input_v5_freq10_fixed
5.0,nglab5x_input_v5_freq10,2000,trigram,101-150,6906,0.046834309895833336,26618,0.045128716362847224,-0.009492969806454088,42,data/runs_fixed/nglab5x_input_v5_freq10_fixed
5.0,nglab5x_input_v5_freq10,2000,trigram,151-200,4716,0.031982421875,18366,0.031138102213541668,-0.05920580734307057,42,data/runs_fixed/nglab5x_input_v5_freq10_fixed
5.0,nglab5x_input_v5_freq10,2000,trigram,201-300,6120,0.04150390625,24380,0.04133436414930555,0.09397994067013249,42,data/runs_fixed/nglab5x_input_v5_freq10_fixed
5.0,nglab5x_input_v5_freq10,2000,trigram,301-500,7046,0.047783745659722224,28514,0.04834323459201389,0.0632138066315866,42,data/runs_fixed/nglab5x_input_v5_freq10_fixed
5.0,nglab5x_input_v5_freq10,2000,trigram,501-750,4821,0.032694498697916664,18771,0.031824747721354164,0.016352556534856788,42,data/runs_fixed/nglab5x_input_v5_freq10_fixed
5.0,nglab5x_input_v5_freq10,2000,trigram,751-1k,2862,0.0194091796875,11877,0.020136515299479168,-0.10774383349011263,42,data/runs_fixed/nglab5x_input_v5_freq10_fixed
5.0,nglab5x_input_v5_freq10,2000,trigram,1k-2k,5781,0.039204915364583336,22833,0.0387115478515625,-0.011570380145873749,42,data/runs_fixed/nglab5x_input_v5_freq10_fixed
5.0,nglab5x_input_v5_freq10,2000,trigram,2k-5k,4875,0.033060709635416664,18220,0.030890570746527776,0.0008872334871514731,42,data/runs_fixed/nglab5x_input_v5_freq10_fixed
5.0,nglab5x_input_v5_freq10,2000,trigram,5k-10k,1774,0.012030707465277778,6687,0.0113372802734375,-0.10542454350805697,42,data/runs_fixed/nglab5x_input_v5_freq10_fixed
5.0,nglab5x_input_v5_freq10,2000,trigram,10k+,2658,0.018025716145833332,10687,0.018118964301215276,-0.041117880676355245,42,data/runs_fixed/nglab5x_input_v5_freq10_fixed
6.0,nglab6x_input_v5_freq10,2000,bigram,novel,0,0.0,7861,0.013327704535590278,,42,data/runs_fixed/nglab6x_input_v5_freq10_fixed
6.0,nglab6x_input_v5_freq10,2000,bigram,1,1782,0.0120849609375,5199,0.008814493815104166,-0.4278258687673846,42,data/runs_fixed/nglab6x_input_v5_freq10_fixed
6.0,nglab6x_input_v5_freq10,2000,bigram,2,1379,0.009351942274305556,4219,0.007152981228298611,-0.04648663570650413,42,data/runs_fixed/nglab6x_input_v5_freq10_fixed
6.0,nglab6x_input_v5_freq10,2000,bigram,3,1091,0.007398817274305556,3561,0.006037394205729167,-0.1338917063792846,42,data/runs_fixed/nglab6x_input_v5_freq10_fixed
6.0,nglab6x_input_v5_freq10,2000,bigram,4,961,0.006517198350694444,3107,0.005267673068576389,-0.05501693591521395,42,data/runs_fixed/nglab6x_input_v5_freq10_fixed
6.0,nglab6x_input_v5_freq10,2000,bigram,5,831,0.005635579427083333,2755,0.004670884874131944,-0.22621514640155072,42,data/runs_fixed/nglab6x_input_v5_freq10_fixed
6.0,nglab6x_input_v5_freq10,2000,bigram,6-8,2041,0.013841417100694444,7142,0.012108696831597222,-0.05676056079146363,42,data/runs_fixed/nglab6x_input_v5_freq10_fixed
6.0,nglab6x_input_v5_freq10,2000,bigram,9-12,2141,0.014519585503472222,7235,0.012266370985243056,-0.10443829931530724,42,data/runs_fixed/nglab6x_input_v5_freq10_fixed
6.0,nglab6x_input_v5_freq10,2000,bigram,13-20,3121,0.021165635850694444,11355,0.019251505533854168,-0.06402748222650967,42,data/runs_fixed/nglab6x_input_v5_freq10_fixed
6.0,nglab6x_input_v5_freq10,2000,bigram,21-30,2790,0.0189208984375,10571,0.017922295464409724,-0.10400337987082198,42,data/runs_fixed/nglab6x_input_v5_freq10_fixed
6.0,nglab6x_input_v5_freq10,2000,bigram,31-50,4017,0.027242024739583332,15841,0.026857164171006944,-0.08747544178137723,42,data/runs_fixed/nglab6x_input_v5_freq10_fixed
6.0,nglab6x_input_v5_freq10,2000,bigram,51-75,3678,0.024943033854166668,14637,0.024815877278645832,-0.15419482280524344,42,data/runs_fixed/nglab6x_input_v5_freq10_fixed
6.0,nglab6x_input_v5_freq10,2000,bigram,76-100,2947,0.019985622829861112,11819,0.020038180881076388,-0.0651712592178959,42,data/runs_fixed/nglab6x_input_v5_freq10_fixed
6.0,nglab6x_input_v5_freq10,2000,bigram,101-150,4823,0.032708062065972224,18511,0.03138393825954861,-0.015481983876962424,42,data/runs_fixed/nglab6x_input_v5_freq10_fixed
6.0,nglab6x_input_v5_freq10,2000,bigram,151-200,3814,0.025865342881944444,14860,0.025193956163194444,-0.054686281200796216,42,data/runs_fixed/nglab6x_input_v5_freq10_fixed
6.0,nglab6x_input_v5_freq10,2000,bigram,201-300,6215,0.04214816623263889,23152,0.039252387152777776,-0.03874178114406801,42,data/runs_fixed/nglab6x_input_v5_freq10_fixed
6.0,nglab6x_input_v5_freq10,2000,bigram,301-500,8695,0.058966742621527776,34719,0.058863321940104164,-0.12098353027728503,42,data/runs_fixed/nglab6x_input_v5_freq10_fixed
6.0,nglab6x_input_v5_freq10,2000,bigram,501-750,7993,0.054206000434027776,32679,0.0554046630859375,-0.101176681135966,42,data/runs_fixed/nglab6x_input_v5_freq10_fixed
6.0,nglab6x_input_v5_freq10,2000,bigram,751-1k,6416,0.043511284722222224,26045,0.04415724012586805,-0.07605057977567276,42,data/runs_fixed/nglab6x_input_v5_freq10_fixed
6.0,nglab6x_input_v5_freq10,2000,bigram,1k-2k,17663,0.1197848849826389,70335,0.1192474365234375,-0.07802815531619123,42,data/runs_fixed/nglab6x_input_v5_freq10_fixed
6.0,nglab6x_input_v5_freq10,2000,bigram,2k-5k,26033,0.1765475802951389,107226,0.181793212890625,-0.11945170389279935,42,data/runs_fixed/nglab6x_input_v5_freq10_fixed
6.0,nglab6x_input_v5_freq10,2000,bigram,5k-10k,11209,0.0760158962673611,45046,0.07637193467881945,-0.09362417095442588,42,data/runs_fixed/nglab6x_input_v5_freq10_fixed
6.0,nglab6x_input_v5_freq10,2000,bigram,10k+,27816,0.18863932291666666,111949,0.1898006863064236,-0.08110603351130363,42,data/runs_fixed/nglab6x_input_v5_freq10_fixed
6.0,nglab6x_input_v5_freq10,2000,trigram,novel,102,0.0006917317708333334,103449,0.17538960774739584,-1.5242242003006794,42,data/runs_fixed/nglab6x_input_v5_freq10_fixed
6.0,nglab6x_input_v5_freq10,2000,trigram,1,24086,0.16334364149305555,35816,0.060723198784722224,-0.30833257927449065,42,data/runs_fixed/nglab6x_input_v5_freq10_fixed
6.0,nglab6x_input_v5_freq10,2000,trigram,2,10157,0.0688815646701389,22512,0.038167317708333336,-0.03034287401719693,42,data/runs_fixed/nglab6x_input_v5_freq10_fixed
6.0,nglab6x_input_v5_freq10,2000,trigram,3,6250,0.04238552517361111,16555,0.028067694769965276,-0.07388040925384676,42,data/runs_fixed/nglab6x_input_v5_freq10_fixed
6.0,nglab6x_input_v5_freq10,2000,trigram,4,4488,0.030436197916666668,13290,0.022532145182291668,0.045745545127724,42,data/runs_fixed/nglab6x_input_v5_freq10_fixed
6.0,nglab6x_input_v5_freq10,2000,trigram,5,3406,0.023098415798611112,10869,0.018427530924479168,-0.059012338695108024,42,data/runs_fixed/nglab6x_input_v5_freq10_fixed
6.0,nglab6x_input_v5_freq10,2000,trigram,6-8,7624,0.051703559027777776,25470,0.043182373046875,0.05415812205740611,42,data/runs_fixed/nglab6x_input_v5_freq10_fixed
6.0,nglab6x_input_v5_freq10,2000,trigram,9-12,6511,0.04415554470486111,23323,0.039542304144965276,-0.03485349902917356,42,data/runs_fixed/nglab6x_input_v5_freq10_fixed
6.0,nglab6x_input_v5_freq10,2000,trigram,13-20,8696,0.05897352430555555,31363,0.05317348904079861,-0.07327495217546875,42,data/runs_fixed/nglab6x_input_v5_freq10_fixed
6.0,nglab6x_input_v5_freq10,2000,trigram,21-30,6759,0.04583740234375,25900,0.04391140407986111,0.010425016057487024,42,data/runs_fixed/nglab6x_input_v5_freq10_fixed
6.0,nglab6x_input_v5_freq10,2000,trigram,31-50,8564,0.05807834201388889,33770,0.05725436740451389,-0.11355204982155032,42,data/runs_fixed/nglab6x_input_v5_freq10_fixed
6.0,nglab6x_input_v5_freq10,2000,trigram,51-75,6904,0.046820746527777776,27378,0.046417236328125,-0.04698099981409154,42,data/runs_fixed/nglab6x_input_v5_freq10_fixed
6.0,nglab6x_input_v5_freq10,2000,trigram,76-100,4992,0.033854166666666664,19596,0.033223470052083336,-0.09425589320460759,42,data/runs_fixed/nglab6x_input_v5_freq10_fixed
6.0,nglab6x_input_v5_freq10,2000,trigram,101-150,6831,0.04632568359375,26927,0.04565260145399305,0.010384202622645056,42,data/runs_fixed/nglab6x_input_v5_freq10_fixed
6.0,nglab6x_input_v5_freq10,2000,trigram,151-200,4566,0.030965169270833332,18651,0.031621297200520836,-0.09802044560184431,42,data/runs_fixed/nglab6x_input_v5_freq10_fixed
6.0,nglab6x_input_v5_freq10,2000,trigram,201-300,6081,0.041239420572916664,25432,0.04311794704861111,-0.1246129766103059,42,data/runs_fixed/nglab6x_input_v5_freq10_fixed
6.0,nglab6x_input_v5_freq10,2000,trigram,301-500,7023,0.047627766927083336,29322,0.049713134765625,-0.11460489882635416,42,data/runs_fixed/nglab6x_input_v5_freq10_fixed
6.0,nglab6x_input_v5_freq10,2000,trigram,501-750,5002,0.03392198350694445,20783,0.03523593478732639,-0.10513475865111666,42,data/runs_fixed/nglab6x_input_v5_freq10_fixed
6.0,nglab6x_input_v5_freq10,2000,trigram,751-1k,3077,0.020867241753472224,12721,0.021567450629340276,-0.0956846377979339,42,data/runs_fixed/nglab6x_input_v5_freq10_fixed
6.0,nglab6x_input_v5_freq10,2000,trigram,1k-2k,6056,0.041069878472222224,24849,0.0421295166015625,-0.19789931643273828,42,data/runs_fixed/nglab6x_input_v5_freq10_fixed
6.0,nglab6x_input_v5_freq10,2000,trigram,2k-5k,5258,0.03565809461805555,21675,0.036748250325520836,-0.07892687554804922,42,data/runs_fixed/nglab6x_input_v5_freq10_fixed
6.0,nglab6x_input_v5_freq10,2000,trigram,5k-10k,1827,0.01239013671875,7602,0.012888590494791666,-0.21609976382355045,42,data/runs_fixed/nglab6x_input_v5_freq10_fixed
6.0,nglab6x_input_v5_freq10,2000,trigram,10k+,3196,0.021674262152777776,12571,0.021313137478298612,0.09331184436426909,42,data/runs_fixed/nglab6x_input_v5_freq10_fixed
8.0,nglab8x_input_v5_freq10,2000,bigram,novel,0,0.0,6612,0.011210123697916666,,42,data/runs_fixed/nglab8x_input_v5_freq10_fixed
8.0,nglab8x_input_v5_freq10,2000,bigram,1,1501,0.010179307725694444,4526,0.007673475477430556,-0.3589366495136055,42,data/runs_fixed/nglab8x_input_v5_freq10_fixed
8.0,nglab8x_input_v5_freq10,2000,bigram,2,1083,0.007344563802083333,3736,0.006334092881944444,-0.26553851044238463,42,data/runs_fixed/nglab8x_input_v5_freq10_fixed
8.0,nglab8x_input_v5_freq10,2000,bigram,3,869,0.005893283420138889,2994,0.005076090494791667,-0.25513628882276196,42,data/runs_fixed/nglab8x_input_v5_freq10_fixed
8.0,nglab8x_input_v5_freq10,2000,bigram,4,780,0.005289713541666667,2799,0.0047454833984375,-0.12449234818649746,42,data/runs_fixed/nglab8x_input_v5_freq10_fixed
8.0,nglab8x_input_v5_freq10,2000,bigram,5,635,0.004306369357638889,2427,0.004114786783854167,-0.4973101008397136,42,data/runs_fixed/nglab8x_input_v5_freq10_fixed
8.0,nglab8x_input_v5_freq10,2000,bigram,6-8,1677,0.011372884114583334,6292,0.010667588975694444,-0.12385694510297407,42,data/runs_fixed/nglab8x_input_v5_freq10_fixed
8.0,nglab8x_input_v5_freq10,2000,bigram,9-12,1791,0.01214599609375,6557,0.011116875542534722,0.022627753595863442,42,data/runs_fixed/nglab8x_input_v5_freq10_fixed
8.0,nglab8x_input_v5_freq10,2000,bigram,13-20,2657,0.018018934461805556,10176,0.017252604166666668,0.02939514696229395,42,data/runs_fixed/nglab8x_input_v5_freq10_fixed
8.0,nglab8x_input_v5_freq10,2000,bigram,21-30,2569,0.017422146267361112,9721,0.016481187608506944,-0.06211490466745273,42,data/runs_fixed/nglab8x_input_v5_freq10_fixed
8.0,nglab8x_input_v5_freq10,2000,bigram,31-50,3718,0.025214301215277776,14685,0.024897257486979168,-0.10738360047901407,42,data/runs_fixed/nglab8x_input_v5_freq10_fixed
8.0,nglab8x_input_v5_freq10,2000,bigram,51-75,3365,0.022820366753472224,13469,0.022835625542534724,-0.11485835856968363,42,data/runs_fixed/nglab8x_input_v5_freq10_fixed
8.0,nglab8x_input_v5_freq10,2000,bigram,76-100,2606,0.017673068576388888,10554,0.017893473307291668,-0.11436548200758034,42,data/runs_fixed/nglab8x_input_v5_freq10_fixed
8.0,nglab8x_input_v5_freq10,2000,bigram,101-150,4162,0.028225368923611112,17026,0.028866238064236112,-0.11293019051057485,42,data/runs_fixed/nglab8x_input_v5_freq10_fixed
8.0,nglab8x_input_v5_freq10,2000,bigram,151-200,3260,0.022108289930555556,13130,0.022260877821180556,-0.21755819024786538,42,data/runs_fixed/nglab8x_input_v5_freq10_fixed
8.0,nglab8x_input_v5_freq10,2000,bigram,201-300,5223,0.035420735677083336,21002,0.035607231987847224,-0.0447851888227353,42,data/runs_fixed/nglab8x_input_v5_freq10_fixed
8.0,nglab8x_input_v5_freq10,2000,bigram,301-500,7843,0.05318874782986111,31213,0.05291917588975695,0.00841422353573007,42,data/runs_fixed/nglab8x_input_v5_freq10_fixed
8.0,nglab8x_input_v5_freq10,2000,bigram,501-750,7214,0.04892306857638889,29754,0.050445556640625,-0.17214878020831303,42,data/runs_fixed/nglab8x_input_v5_freq10_fixed
8.0,nglab8x_input_v5_freq10,2000,bigram,751-1k,5820,0.039469401041666664,23704,0.04018825954861111,-0.030287005408568213,42,data/runs_fixed/nglab8x_input_v5_freq10_fixed
8.0,nglab8x_input_v5_freq10,2000,bigram,1k-2k,16559,0.11229790581597222,65551,0.11113654242621528,-0.13028301334878423,42,data/runs_fixed/nglab8x_input_v5_freq10_fixed
8.0,nglab8x_input_v5_freq10,2000,bigram,2k-5k,25714,0.1743842230902778,103410,0.175323486328125,-0.019542687600175412,42,data/runs_fixed/nglab8x_input_v5_freq10_fixed
8.0,nglab8x_input_v5_freq10,2000,bigram,5k-10k,16016,0.1086154513888889,64450,0.10926988389756945,-0.05167210808775513,42,data/runs_fixed/nglab8x_input_v5_freq10_fixed
8.0,nglab8x_input_v5_freq10,2000,bigram,10k+,32394,0.21968587239583334,126036,0.21368408203125,-0.057755751455068616,42,data/runs_fixed/nglab8x_input_v5_freq10_fixed
8.0,nglab8x_input_v5_freq10,2000,trigram,novel,93,0.0006306966145833334,93960,0.1593017578125,-1.33910357636891,42,data/runs_fixed/nglab8x_input_v5_freq10_fixed
8.0,nglab8x_input_v5_freq10,2000,trigram,1,21195,0.14373779296875,33822,0.057342529296875,-0.3192525266985169,42,data/runs_fixed/nglab8x_input_v5_freq10_fixed
8.0,nglab8x_input_v5_freq10,2000,trigram,2,8741,0.05927870008680555,21270,0.036061604817708336,-0.09852940236313357,42,data/runs_fixed/nglab8x_input_v5_freq10_fixed
8.0,nglab8x_input_v5_freq10,2000,trigram,3,5623,0.03813340928819445,15947,0.027036878797743056,-0.038554956111325644,42,data/runs_fixed/nglab8x_input_v5_freq10_fixed
8.0,nglab8x_input_v5_freq10,2000,trigram,4,4073,0.027621799045138888,12631,0.021414862738715276,-0.07505847435327251,42,data/runs_fixed/nglab8x_input_v5_freq10_fixed
8.0,nglab8x_input_v5_freq10,2000,trigram,5,3175,0.021531846788194444,10513,0.017823961046006944,-0.024429300685192334,42,data/runs_fixed/nglab8x_input_v5_freq10_fixed
8.0,nglab8x_input_v5_freq10,2000,trigram,6-8,7214,0.04892306857638889,24094,0.04084947374131945,0.0003421196873309995,42,data/runs_fixed/nglab8x_input_v5_freq10_fixed
8.0,nglab8x_input_v5_freq10,2000,trigram,9-12,6396,0.043375651041666664,22585,0.038291083441840276,-0.02049896855973543,42,data/runs_fixed/nglab8x_input_v5_freq10_fixed
8.0,nglab8x_input_v5_freq10,2000,trigram,13-20,8293,0.05624050564236111,30513,0.051732381184895836,-0.05663393736889821,42,data/runs_fixed/nglab8x_input_v5_freq10_fixed
8.0,nglab8x_input_v5_freq10,2000,trigram,21-30,6622,0.04490831163194445,25622,0.04344007703993055,-0.030673585840272466,42,data/runs_fixed/nglab8x_input_v5_freq10_fixed
8.0,nglab8x_input_v5_freq10,2000,trigram,31-50,8637,0.058573404947916664,33522,0.056833902994791664,-0.06681698086573906,42,data/runs_fixed/nglab8x_input_v5_freq10_fixed
8.0,nglab8x_input_v5_freq10,2000,trigram,51-75,6981,0.047342936197916664,27227,0.04616122775607639,-0.03938804325268874,42,data/runs_fixed/nglab8x_input_v5_freq10_fixed
8.0,nglab8x_input_v5_freq10,2000,trigram,76-100,5055,0.034281412760416664,19418,0.032921685112847224,-0.14621375159243977,42,data/runs_fixed/nglab8x_input_v5_freq10_fixed
8.0,nglab8x_input_v5_freq10,2000,trigram,101-150,6951,0.047139485677083336,27069,0.045893351236979164,-0.06513711148611279,42,data/runs_fixed/nglab8x_input_v5_freq10_fixed
8.0,nglab8x_input_v5_freq10,2000,trigram,151-200,4819,0.03268093532986111,19050,0.032297770182291664,-0.08991236600995034,42,data/runs_fixed/nglab8x_input_v5_freq10_fixed
8.0,nglab8x_input_v5_freq10,2000,trigram,201-300,6663,0.045186360677083336,26289,0.0445709228515625,-0.020102404716610067,42,data/runs_fixed/nglab8x_input_v5_freq10_fixed
8.0,nglab8x_input_v5_freq10,2000,trigram,301-500,7821,0.05303955078125,30902,0.052391899956597224,-0.0437188200992229,42,data/runs_fixed/nglab8x_input_v5_freq10_fixed
8.0,nglab8x_input_v5_freq10,2000,trigram,501-750,5444,0.036919487847222224,22740,0.038553873697916664,-0.04976398487985234,42,data/runs_fixed/nglab8x_input_v5_freq10_fixed
8.0,nglab8x_input_v5_freq10,2000,trigram,751-1k,3573,0.02423095703125,14209,0.024090237087673612,-0.11028624256490893,42,data/runs_fixed/nglab8x_input_v5_freq10_fixed
8.0,nglab8x_input_v5_freq10,2000,trigram,1k-2k,7124,0.04831271701388889,28379,0.04811435275607639,-0.07730530507818889,42,data/runs_fixed/nglab8x_input_v5_freq10_fixed
8.0,nglab8x_input_v5_freq10,2000,trigram,2k-5k,6441,0.043680826822916664,25400,0.04306369357638889,-0.012738794616591331,42,data/runs_fixed/nglab8x_input_v5_freq10_fixed
8.0,nglab8x_input_v5_freq10,2000,trigram,5k-10k,2525,0.017123752170138888,9639,0.0163421630859375,0.015328069954759549,42,data/runs_fixed/nglab8x_input_v5_freq10_fixed
8.0,nglab8x_input_v5_freq10,2000,trigram,10k+,3997,0.027106391059027776,15023,0.025470309787326388,-0.0712964852161142,42,data/runs_fixed/nglab8x_input_v5_freq10_fixed
