axis,branch,run_id,seed,step,R,K,K_over_R,collision_rate,final_train_loss,final_val_loss,final_gap,gap_337,gap_674,gap_1000,freq_index_sha256,source_code_revision,source
table_size,bigram,s1v5_128_tbl_bi2_R104000,42,1000,104000,3541098,34.04901923076923,,3.0586800575256348,5.51124119758606,2.452561140060425,-0.06911444664001465,0.9973663091659546,2.452561140060425,763a5548f75a7e326370610112fa58f61bcaa37d5a558c33caa3c7482007673d,7583ae3222ffb4bbfb13262295a6a828e1f08d3f,data/runs_scaling/s1v5_128_tbl_bi2_R104000_fixed
table_size,bigram,s1v5_128_tbl_bi2_R1259000,42,1000,1259000,3541098,2.8126274821286734,,2.57108998298645,5.306498408317566,2.7354084253311157,-0.061079978942871094,1.2120227813720703,2.7354084253311157,763a5548f75a7e326370610112fa58f61bcaa37d5a558c33caa3c7482007673d,7583ae3222ffb4bbfb13262295a6a828e1f08d3f,data/runs_scaling/s1v5_128_tbl_bi2_R1259000_fixed
table_size,bigram,s1v5_128_tbl_bi2_R142000,42,1000,142000,3541098,24.93730985915493,,3.002990961074829,5.475543022155762,2.4725520610809326,-0.06022500991821289,1.05685293674469,2.4725520610809326,763a5548f75a7e326370610112fa58f61bcaa37d5a558c33caa3c7482007673d,7583ae3222ffb4bbfb13262295a6a828e1f08d3f,data/runs_scaling/s1v5_128_tbl_bi2_R142000_fixed
table_size,bigram,s1v5_128_tbl_bi2_R16000,42,1000,16000,3541098,221.318625,,3.560659646987915,5.880292534828186,2.319632887840271,-0.05329000949859619,0.9744288921356201,2.319632887840271,763a5548f75a7e326370610112fa58f61bcaa37d5a558c33caa3c7482007673d,7583ae3222ffb4bbfb13262295a6a828e1f08d3f,data/runs_scaling/s1v5_128_tbl_bi2_R16000_fixed
table_size,bigram,s1v5_128_tbl_bi2_R1719000,42,1000,1719000,3541098,2.059975567190227,,2.477675676345825,5.231696605682373,2.754020929336548,-0.06258642673492432,1.2349441051483154,2.754020929336548,763a5548f75a7e326370610112fa58f61bcaa37d5a558c33caa3c7482007673d,7583ae3222ffb4bbfb13262295a6a828e1f08d3f,data/runs_scaling/s1v5_128_tbl_bi2_R1719000_fixed
table_size,bigram,s1v5_128_tbl_bi2_R194000,42,1000,194000,3541098,18.253082474226805,,2.906064748764038,5.418630957603455,2.5125662088394165,-0.06051933765411377,1.0508095026016235,2.5125662088394165,763a5548f75a7e326370610112fa58f61bcaa37d5a558c33caa3c7482007673d,7583ae3222ffb4bbfb13262295a6a828e1f08d3f,data/runs_scaling/s1v5_128_tbl_bi2_R194000_fixed
table_size,bigram,s1v5_128_tbl_bi2_R2000000,42,1000,2000000,3541098,1.770549,,2.505736827850342,5.234413146972656,2.7286763191223145,-0.06059122085571289,1.2401937246322632,2.7286763191223145,763a5548f75a7e326370610112fa58f61bcaa37d5a558c33caa3c7482007673d,7583ae3222ffb4bbfb13262295a6a828e1f08d3f,data/runs_scaling/s1v5_128_tbl_bi2_R2000000_fixed
table_size,bigram,s1v5_128_tbl_bi2_R22000,42,1000,22000,3541098,160.959,,3.5103349685668945,5.814998626708984,2.30466365814209,-0.05402731895446777,0.979873776435852,2.30466365814209,763a5548f75a7e326370610112fa58f61bcaa37d5a558c33caa3c7482007673d,7583ae3222ffb4bbfb13262295a6a828e1f08d3f,data/runs_scaling/s1v5_128_tbl_bi2_R22000_fixed
table_size,bigram,s1v5_128_tbl_bi2_R2347000,42,1000,2347000,3541098,1.5087763101832126,,2.4600844383239746,5.231143951416016,2.771059513092041,-0.05616950988769531,1.2661464214324951,2.771059513092041,763a5548f75a7e326370610112fa58f61bcaa37d5a558c33caa3c7482007673d,7583ae3222ffb4bbfb13262295a6a828e1f08d3f,data/runs_scaling/s1v5_128_tbl_bi2_R2347000_fixed
table_size,bigram,s1v5_128_tbl_bi2_R265000,42,1000,265000,3541098,13.362633962264152,,2.858680009841919,5.404765009880066,2.546085000038147,-0.05899345874786377,1.0707069635391235,2.546085000038147,763a5548f75a7e326370610112fa58f61bcaa37d5a558c33caa3c7482007673d,7583ae3222ffb4bbfb13262295a6a828e1f08d3f,data/runs_scaling/s1v5_128_tbl_bi2_R265000_fixed
table_size,bigram,s1v5_128_tbl_bi2_R30000,42,1000,30000,3541098,118.0366,,3.423794984817505,5.746223092079163,2.3224281072616577,-0.06423783302307129,0.9768631458282471,2.3224281072616577,763a5548f75a7e326370610112fa58f61bcaa37d5a558c33caa3c7482007673d,7583ae3222ffb4bbfb13262295a6a828e1f08d3f,data/runs_scaling/s1v5_128_tbl_bi2_R30000_fixed
table_size,bigram,s1v5_128_tbl_bi2_R362000,42,1000,362000,3541098,9.78203867403315,,2.7668135166168213,5.380411148071289,2.6135976314544678,-0.06711447238922119,1.1002060174942017,2.6135976314544678,763a5548f75a7e326370610112fa58f61bcaa37d5a558c33caa3c7482007673d,7583ae3222ffb4bbfb13262295a6a828e1f08d3f,data/runs_scaling/s1v5_128_tbl_bi2_R362000_fixed
table_size,bigram,s1v5_128_tbl_bi2_R41000,42,1000,41000,3541098,86.36824390243902,,3.348480701446533,5.695126056671143,2.3466453552246094,-0.055449604988098145,0.9909960031509399,2.3466453552246094,763a5548f75a7e326370610112fa58f61bcaa37d5a558c33caa3c7482007673d,7583ae3222ffb4bbfb13262295a6a828e1f08d3f,data/runs_scaling/s1v5_128_tbl_bi2_R41000_fixed
table_size,bigram,s1v5_128_tbl_bi2_R494000,42,1000,494000,3541098,7.168214574898785,,2.6695644855499268,5.315385222434998,2.645820736885071,-0.060068488121032715,1.114837408065796,2.645820736885071,763a5548f75a7e326370610112fa58f61bcaa37d5a558c33caa3c7482007673d,7583ae3222ffb4bbfb13262295a6a828e1f08d3f,data/runs_scaling/s1v5_128_tbl_bi2_R494000_fixed
table_size,bigram,s1v5_128_tbl_bi2_R56000,42,1000,56000,3541098,63.233892857142855,,3.24112868309021,5.610638618469238,2.3695099353790283,-0.06803178787231445,0.9871238470077515,2.3695099353790283,763a5548f75a7e326370610112fa58f61bcaa37d5a558c33caa3c7482007673d,7583ae3222ffb4bbfb13262295a6a828e1f08d3f,data/runs_scaling/s1v5_128_tbl_bi2_R56000_fixed
table_size,bigram,s1v5_128_tbl_bi2_R675000,42,1000,675000,3541098,5.246071111111111,,2.640015125274658,5.302314400672913,2.6622992753982544,-0.06460654735565186,1.1600176095962524,2.6622992753982544,763a5548f75a7e326370610112fa58f61bcaa37d5a558c33caa3c7482007673d,7583ae3222ffb4bbfb13262295a6a828e1f08d3f,data/runs_scaling/s1v5_128_tbl_bi2_R675000_fixed
table_size,bigram,s1v5_128_tbl_bi2_R76000,42,1000,76000,3541098,46.59339473684211,,3.169759511947632,5.54310154914856,2.3733420372009277,-0.07012200355529785,0.9941204786300659,2.3733420372009277,763a5548f75a7e326370610112fa58f61bcaa37d5a558c33caa3c7482007673d,7583ae3222ffb4bbfb13262295a6a828e1f08d3f,data/runs_scaling/s1v5_128_tbl_bi2_R76000_fixed
table_size,bigram,s1v5_128_tbl_bi2_R922000,42,1000,922000,3541098,3.8406702819956617,,2.576690673828125,5.286760687828064,2.710070013999939,-0.05670762062072754,1.1906715631484985,2.710070013999939,763a5548f75a7e326370610112fa58f61bcaa37d5a558c33caa3c7482007673d,7583ae3222ffb4bbfb13262295a6a828e1f08d3f,data/runs_scaling/s1v5_128_tbl_bi2_R922000_fixed
table_size,trigram,s1v5_128_tbl_tri2_R104000,42,1000,104000,19027841,182.96000961538462,,3.373690366744995,4.730609655380249,1.356919288635254,-0.053559303283691406,0.5594425201416016,1.356919288635254,763a5548f75a7e326370610112fa58f61bcaa37d5a558c33caa3c7482007673d,7583ae3222ffb4bbfb13262295a6a828e1f08d3f,data/runs_scaling/s1v5_128_tbl_tri2_R104000_fixed
table_size,trigram,s1v5_128_tbl_tri2_R1259000,42,1000,1259000,19027841,15.113455917394758,,2.4737555980682373,5.358283758163452,2.884528160095215,-0.05996978282928467,1.2787679433822632,2.884528160095215,763a5548f75a7e326370610112fa58f61bcaa37d5a558c33caa3c7482007673d,7583ae3222ffb4bbfb13262295a6a828e1f08d3f,data/runs_scaling/s1v5_128_tbl_tri2_R1259000_fixed
table_size,trigram,s1v5_128_tbl_tri2_R142000,42,1000,142000,19027841,133.99888028169013,,3.2563817501068115,4.775391101837158,1.5190093517303467,-0.05575454235076904,0.6414238214492798,1.5190093517303467,763a5548f75a7e326370610112fa58f61bcaa37d5a558c33caa3c7482007673d,7583ae3222ffb4bbfb13262295a6a828e1f08d3f,data/runs_scaling/s1v5_128_tbl_tri2_R142000_fixed
table_size,trigram,s1v5_128_tbl_tri2_R16000,42,1000,16000,19027841,1189.2400625,,3.548386812210083,4.592233419418335,1.043846607208252,-0.0594935417175293,0.43246889114379883,1.043846607208252,763a5548f75a7e326370610112fa58f61bcaa37d5a558c33caa3c7482007673d,7583ae3222ffb4bbfb13262295a6a828e1f08d3f,data/runs_scaling/s1v5_128_tbl_tri2_R16000_fixed
table_size,trigram,s1v5_128_tbl_tri2_R1719000,42,1000,1719000,19027841,11.069133798720186,,2.3278820514678955,5.455864787101746,3.12798273563385,-0.060894012451171875,1.4290924072265625,3.12798273563385,763a5548f75a7e326370610112fa58f61bcaa37d5a558c33caa3c7482007673d,7583ae3222ffb4bbfb13262295a6a828e1f08d3f,data/runs_scaling/s1v5_128_tbl_tri2_R1719000_fixed
table_size,trigram,s1v5_128_tbl_tri2_R194000,42,1000,194000,19027841,98.08165463917526,,3.157120943069458,4.8106513023376465,1.6535303592681885,-0.05465126037597656,0.6868716478347778,1.6535303592681885,763a5548f75a7e326370610112fa58f61bcaa37d5a558c33caa3c7482007673d,7583ae3222ffb4bbfb13262295a6a828e1f08d3f,data/runs_scaling/s1v5_128_tbl_tri2_R194000_fixed
table_size,trigram,s1v5_128_tbl_tri2_R2000000,42,1000,2000000,19027841,9.5139205,,2.29677677154541,5.484647035598755,3.1878702640533447,-0.05606281757354736,1.4916759729385376,3.1878702640533447,763a5548f75a7e326370610112fa58f61bcaa37d5a558c33caa3c7482007673d,7583ae3222ffb4bbfb13262295a6a828e1f08d3f,data/runs_scaling/s1v5_128_tbl_tri2_R2000000_fixed
table_size,trigram,s1v5_128_tbl_tri2_R22000,42,1000,22000,19027841,864.9018636363636,,3.4851834774017334,4.578936338424683,1.0937528610229492,-0.054818034172058105,0.4646921157836914,1.0937528610229492,763a5548f75a7e326370610112fa58f61bcaa37d5a558c33caa3c7482007673d,7583ae3222ffb4bbfb13262295a6a828e1f08d3f,data/runs_scaling/s1v5_128_tbl_tri2_R22000_fixed
table_size,trigram,s1v5_128_tbl_tri2_R2347000,42,1000,2347000,19027841,8.107303365999147,,2.235982656478882,5.50047767162323,3.264495015144348,-0.06718587875366211,1.5318851470947266,3.264495015144348,763a5548f75a7e326370610112fa58f61bcaa37d5a558c33caa3c7482007673d,7583ae3222ffb4bbfb13262295a6a828e1f08d3f,data/runs_scaling/s1v5_128_tbl_tri2_R2347000_fixed
table_size,trigram,s1v5_128_tbl_tri2_R265000,42,1000,265000,19027841,71.80317358490566,,3.087096691131592,4.873434543609619,1.7863378524780273,-0.06312441825866699,0.7530742883682251,1.7863378524780273,763a5548f75a7e326370610112fa58f61bcaa37d5a558c33caa3c7482007673d,7583ae3222ffb4bbfb13262295a6a828e1f08d3f,data/runs_scaling/s1v5_128_tbl_tri2_R265000_fixed
table_size,trigram,s1v5_128_tbl_tri2_R30000,42,1000,30000,19027841,634.2613666666666,,3.463080644607544,4.612870573997498,1.1497899293899536,-0.057193756103515625,0.4798160791397095,1.1497899293899536,763a5548f75a7e326370610112fa58f61bcaa37d5a558c33caa3c7482007673d,7583ae3222ffb4bbfb13262295a6a828e1f08d3f,data/runs_scaling/s1v5_128_tbl_tri2_R30000_fixed
table_size,trigram,s1v5_128_tbl_tri2_R362000,42,1000,362000,19027841,52.563096685082876,,3.028669834136963,4.955826997756958,1.9271571636199951,-0.05649673938751221,0.8089239597320557,1.9271571636199951,763a5548f75a7e326370610112fa58f61bcaa37d5a558c33caa3c7482007673d,7583ae3222ffb4bbfb13262295a6a828e1f08d3f,data/runs_scaling/s1v5_128_tbl_tri2_R362000_fixed
table_size,trigram,s1v5_128_tbl_tri2_R41000,42,1000,41000,19027841,464.0936829268293,,3.458157539367676,4.621326565742493,1.163169026374817,-0.06257748603820801,0.47691047191619873,1.163169026374817,763a5548f75a7e326370610112fa58f61bcaa37d5a558c33caa3c7482007673d,7583ae3222ffb4bbfb13262295a6a828e1f08d3f,data/runs_scaling/s1v5_128_tbl_tri2_R41000_fixed
table_size,trigram,s1v5_128_tbl_tri2_R494000,42,1000,494000,19027841,38.517896761133606,,2.85970401763916,5.018785834312439,2.159081816673279,-0.062126874923706055,0.9318960905075073,2.159081816673279,763a5548f75a7e326370610112fa58f61bcaa37d5a558c33caa3c7482007673d,7583ae3222ffb4bbfb13262295a6a828e1f08d3f,data/runs_scaling/s1v5_128_tbl_tri2_R494000_fixed
table_size,trigram,s1v5_128_tbl_tri2_R56000,42,1000,56000,19027841,339.782875,,3.4141457080841064,4.649601936340332,1.2354562282562256,-0.0665823221206665,0.5158491134643555,1.2354562282562256,763a5548f75a7e326370610112fa58f61bcaa37d5a558c33caa3c7482007673d,7583ae3222ffb4bbfb13262295a6a828e1f08d3f,data/runs_scaling/s1v5_128_tbl_tri2_R56000_fixed
table_size,trigram,s1v5_128_tbl_tri2_R675000,42,1000,675000,19027841,28.189394074074073,,2.7084381580352783,5.129781126976013,2.421342968940735,-0.05710768699645996,1.0103312730789185,2.421342968940735,763a5548f75a7e326370610112fa58f61bcaa37d5a558c33caa3c7482007673d,7583ae3222ffb4bbfb13262295a6a828e1f08d3f,data/runs_scaling/s1v5_128_tbl_tri2_R675000_fixed
table_size,trigram,s1v5_128_tbl_tri2_R76000,42,1000,76000,19027841,250.36632894736843,,3.384841203689575,4.684821009635925,1.29997980594635,-0.05763709545135498,0.5420776605606079,1.29997980594635,763a5548f75a7e326370610112fa58f61bcaa37d5a558c33caa3c7482007673d,7583ae3222ffb4bbfb13262295a6a828e1f08d3f,data/runs_scaling/s1v5_128_tbl_tri2_R76000_fixed
table_size,trigram,s1v5_128_tbl_tri2_R922000,42,1000,922000,19027841,20.6375715835141,,2.641892671585083,5.247902870178223,2.6060101985931396,-0.062020301818847656,1.1223652362823486,2.6060101985931396,763a5548f75a7e326370610112fa58f61bcaa37d5a558c33caa3c7482007673d,7583ae3222ffb4bbfb13262295a6a828e1f08d3f,data/runs_scaling/s1v5_128_tbl_tri2_R922000_fixed
